Hospital_code,Department,Severity of Illness,Age
5,radiotherapy,Moderate,41-50
8,radiotherapy,Moderate,41-50
4,radiotherapy,Moderate,41-50
8,radiotherapy,Moderate,41-50
6,radiotherapy,Moderate,41-50
9,radiotherapy,Moderate,41-50
7,radiotherapy,Moderate,41-50
2,radiotherapy,Moderate,41-50
2,radiotherapy,Moderate,41-50
5,radiotherapy,Moderate,41-50
5,radiotherapy,Moderate,41-50
1,radiotherapy,Moderate,41-50
9,radiotherapy,Moderate,41-50
1,radiotherapy,Moderate,41-50
7,radiotherapy,Moderate,41-50
3,radiotherapy,Moderate,41-50
5,radiotherapy,Moderate,41-50
6,radiotherapy,Moderate,41-50
7,radiotherapy,Moderate,41-50
7,radiotherapy,Moderate,41-50
8,radiotherapy,Moderate,41-50
3,radiotherapy,Moderate,41-50
6,radiotherapy,Moderate,41-50
1,radiotherapy,Moderate,41-50
5,radiotherapy,Moderate,41-50
7,radiotherapy,Moderate,41-50
1,radiotherapy,Moderate,41-50
3,radiotherapy,Moderate,41-50
5,radiotherapy,Moderate,41-50
8,radiotherapy,Moderate,41-50
6,radiotherapy,Moderate,41-50
6,radiotherapy,Moderate,41-50
5,radiotherapy,Moderate,41-50
2,radiotherapy,Moderate,41-50
1,radiotherapy,Moderate,41-50
1,radiotherapy,Moderate,41-50
1,radiotherapy,Moderate,41-50
8,radiotherapy,Moderate,41-50
8,radiotherapy,Moderate,41-50
4,radiotherapy,Moderate,41-50
3,radiotherapy,Moderate,41-50
1,radiotherapy,Moderate,41-50
3,radiotherapy,Moderate,41-50
2,radiotherapy,Moderate,41-50
7,radiotherapy,Moderate,41-50
2,radiotherapy,Moderate,41-50
8,radiotherapy,Moderate,41-50
6,radiotherapy,Moderate,41-50
3,radiotherapy,Moderate,41-50
8,radiotherapy,Moderate,41-50
1,radiotherapy,Moderate,41-50
4,radiotherapy,Moderate,41-50
8,radiotherapy,Moderate,41-50
8,radiotherapy,Moderate,41-50
3,radiotherapy,Moderate,41-50
5,radiotherapy,Moderate,41-50
2,radiotherapy,Moderate,41-50
4,radiotherapy,Moderate,41-50
5,radiotherapy,Moderate,41-50
2,radiotherapy,Moderate,41-50
4,radiotherapy,Moderate,41-50
8,radiotherapy,Moderate,41-50
4,radiotherapy,Moderate,41-50
4,radiotherapy,Moderate,41-50
3,radiotherapy,Moderate,41-50
2,radiotherapy,Moderate,41-50
2,radiotherapy,Moderate,41-50
6,radiotherapy,Moderate,41-50
8,radiotherapy,Moderate,41-50
2,radiotherapy,Moderate,41-50
3,radiotherapy,Moderate,41-50
2,radiotherapy,Moderate,41-50
6,radiotherapy,Moderate,41-50
4,radiotherapy,Moderate,41-50
7,radiotherapy,Moderate,41-50
4,radiotherapy,Moderate,41-50
2,radiotherapy,Moderate,41-50
6,radiotherapy,Moderate,41-50
8,radiotherapy,Moderate,41-50
7,radiotherapy,Moderate,41-50
2,radiotherapy,Moderate,41-50
1,radiotherapy,Moderate,41-50
1,radiotherapy,Moderate,41-50
2,radiotherapy,Moderate,41-50
2,radiotherapy,Moderate,41-50
3,radiotherapy,Moderate,41-50
6,radiotherapy,Moderate,41-50
2,radiotherapy,Moderate,41-50
9,radiotherapy,Moderate,41-50
8,radiotherapy,Moderate,41-50
8,radiotherapy,Moderate,41-50
5,radiotherapy,Moderate,41-50
6,radiotherapy,Moderate,41-50
1,radiotherapy,Moderate,41-50
1,radiotherapy,Moderate,41-50
4,radiotherapy,Moderate,41-50
1,radiotherapy,Moderate,41-50
5,radiotherapy,Moderate,41-50
7,radiotherapy,Moderate,41-50
6,radiotherapy,Moderate,41-50
6,radiotherapy,Moderate,41-50
3,radiotherapy,Moderate,41-50
6,radiotherapy,Moderate,41-50
1,radiotherapy,Moderate,41-50
7,radiotherapy,Moderate,41-50
4,radiotherapy,Moderate,41-50
3,radiotherapy,Moderate,41-50
7,radiotherapy,Moderate,41-50
7,radiotherapy,Moderate,41-50
1,radiotherapy,Moderate,41-50
6,radiotherapy,Moderate,41-50
6,radiotherapy,Moderate,41-50
2,radiotherapy,Moderate,41-50
6,radiotherapy,Moderate,41-50
7,radiotherapy,Moderate,41-50
5,radiotherapy,Moderate,41-50
6,radiotherapy,Moderate,41-50
2,radiotherapy,Moderate,41-50
8,radiotherapy,Moderate,41-50
3,radiotherapy,Moderate,41-50
1,radiotherapy,Moderate,41-50
8,radiotherapy,Moderate,41-50
2,radiotherapy,Moderate,41-50
3,radiotherapy,Moderate,41-50
9,radiotherapy,Moderate,41-50
6,radiotherapy,Moderate,41-50
4,radiotherapy,Moderate,41-50
9,radiotherapy,Moderate,41-50
5,radiotherapy,Moderate,41-50
3,radiotherapy,Moderate,41-50
7,radiotherapy,Moderate,41-50
1,radiotherapy,Moderate,41-50
7,radiotherapy,Moderate,41-50
5,radiotherapy,Moderate,41-50
4,radiotherapy,Moderate,41-50
4,radiotherapy,Moderate,41-50
1,radiotherapy,Moderate,41-50
7,radiotherapy,Moderate,41-50
6,radiotherapy,Moderate,41-50
3,radiotherapy,Moderate,41-50
8,radiotherapy,Moderate,41-50
4,radiotherapy,Moderate,41-50
7,radiotherapy,Moderate,41-50
2,radiotherapy,Moderate,41-50
1,radiotherapy,Moderate,41-50
5,radiotherapy,Moderate,41-50
1,radiotherapy,Moderate,41-50
5,radiotherapy,Moderate,41-50
3,radiotherapy,Moderate,41-50
1,radiotherapy,Moderate,41-50
2,radiotherapy,Moderate,41-50
4,radiotherapy,Moderate,41-50
6,radiotherapy,Moderate,41-50
8,radiotherapy,Moderate,41-50
3,radiotherapy,Moderate,41-50
4,radiotherapy,Moderate,41-50
2,radiotherapy,Moderate,41-50
3,radiotherapy,Moderate,41-50
8,radiotherapy,Moderate,41-50
8,radiotherapy,Moderate,41-50
1,radiotherapy,Moderate,41-50
8,radiotherapy,Moderate,41-50
3,radiotherapy,Moderate,41-50
5,radiotherapy,Moderate,41-50
8,radiotherapy,Moderate,41-50
1,radiotherapy,Moderate,41-50
6,radiotherapy,Moderate,41-50
1,radiotherapy,Moderate,41-50
4,radiotherapy,Moderate,41-50
7,radiotherapy,Moderate,41-50
8,radiotherapy,Moderate,41-50
6,radiotherapy,Moderate,41-50
8,radiotherapy,Moderate,41-50
5,radiotherapy,Moderate,41-50
2,radiotherapy,Moderate,41-50
5,radiotherapy,Moderate,41-50
9,radiotherapy,Moderate,41-50
5,radiotherapy,Moderate,41-50
7,radiotherapy,Moderate,41-50
6,radiotherapy,Moderate,41-50
8,radiotherapy,Moderate,41-50
6,radiotherapy,Moderate,41-50
7,radiotherapy,Moderate,41-50
4,radiotherapy,Moderate,41-50
8,radiotherapy,Moderate,41-50
2,radiotherapy,Moderate,41-50
9,radiotherapy,Moderate,41-50
7,radiotherapy,Moderate,41-50
8,radiotherapy,Moderate,41-50
3,radiotherapy,Moderate,41-50
2,radiotherapy,Moderate,41-50
3,radiotherapy,Moderate,41-50
2,radiotherapy,Moderate,41-50
6,radiotherapy,Moderate,41-50
4,radiotherapy,Moderate,41-50
1,radiotherapy,Moderate,41-50
8,radiotherapy,Moderate,41-50
8,radiotherapy,Moderate,41-50
6,radiotherapy,Moderate,41-50
1,radiotherapy,Moderate,41-50
8,radiotherapy,Moderate,41-50
8,radiotherapy,Moderate,41-50
5,radiotherapy,Moderate,41-50
9,radiotherapy,Moderate,41-50
3,radiotherapy,Moderate,41-50
4,radiotherapy,Moderate,41-50
9,radiotherapy,Moderate,41-50
8,radiotherapy,Moderate,41-50
9,radiotherapy,Moderate,41-50
8,radiotherapy,Moderate,41-50
5,radiotherapy,Moderate,41-50
5,radiotherapy,Moderate,41-50
4,radiotherapy,Moderate,41-50
2,radiotherapy,Moderate,41-50
3,radiotherapy,Moderate,41-50
7,radiotherapy,Moderate,41-50
9,radiotherapy,Moderate,41-50
9,radiotherapy,Moderate,41-50
1,radiotherapy,Moderate,41-50
8,radiotherapy,Moderate,41-50
7,radiotherapy,Moderate,41-50
7,radiotherapy,Moderate,41-50
9,radiotherapy,Moderate,41-50
6,radiotherapy,Moderate,41-50
3,radiotherapy,Moderate,41-50
9,radiotherapy,Moderate,41-50
1,radiotherapy,Moderate,41-50
7,radiotherapy,Moderate,41-50
9,radiotherapy,Moderate,41-50
6,radiotherapy,Moderate,41-50
9,radiotherapy,Moderate,41-50
9,radiotherapy,Moderate,41-50
3,radiotherapy,Moderate,41-50
9,radiotherapy,Moderate,41-50
5,radiotherapy,Moderate,41-50
8,radiotherapy,Moderate,41-50
5,radiotherapy,Moderate,41-50
1,radiotherapy,Moderate,41-50
8,radiotherapy,Moderate,41-50
7,radiotherapy,Moderate,41-50
7,radiotherapy,Moderate,41-50
6,radiotherapy,Moderate,41-50
9,radiotherapy,Moderate,41-50
6,radiotherapy,Moderate,41-50
7,radiotherapy,Moderate,41-50
2,radiotherapy,Moderate,41-50
6,radiotherapy,Moderate,41-50
4,radiotherapy,Moderate,41-50
3,radiotherapy,Moderate,41-50
6,radiotherapy,Moderate,41-50
2,radiotherapy,Moderate,41-50
3,radiotherapy,Moderate,41-50
4,radiotherapy,Moderate,41-50
1,radiotherapy,Moderate,41-50
2,radiotherapy,Moderate,41-50
3,radiotherapy,Moderate,41-50
6,radiotherapy,Moderate,41-50
3,radiotherapy,Moderate,41-50
7,radiotherapy,Moderate,41-50
7,radiotherapy,Moderate,41-50
9,radiotherapy,Moderate,41-50
2,radiotherapy,Moderate,41-50
4,radiotherapy,Moderate,41-50
1,radiotherapy,Moderate,41-50
3,radiotherapy,Moderate,41-50
6,radiotherapy,Moderate,41-50
6,radiotherapy,Moderate,41-50
8,radiotherapy,Moderate,41-50
6,radiotherapy,Moderate,41-50
6,radiotherapy,Moderate,41-50
1,radiotherapy,Moderate,41-50
1,radiotherapy,Moderate,41-50
7,radiotherapy,Moderate,41-50
5,radiotherapy,Moderate,41-50
2,radiotherapy,Moderate,41-50
6,radiotherapy,Moderate,41-50
9,radiotherapy,Moderate,41-50
2,radiotherapy,Moderate,41-50
1,radiotherapy,Moderate,41-50
5,radiotherapy,Moderate,41-50
4,radiotherapy,Moderate,41-50
8,radiotherapy,Moderate,41-50
6,radiotherapy,Moderate,41-50
9,radiotherapy,Moderate,41-50
4,radiotherapy,Moderate,41-50
9,radiotherapy,Moderate,41-50
6,radiotherapy,Moderate,41-50
7,radiotherapy,Moderate,41-50
8,radiotherapy,Moderate,41-50
9,radiotherapy,Moderate,41-50
7,radiotherapy,Moderate,41-50
4,radiotherapy,Moderate,41-50
4,radiotherapy,Moderate,41-50
2,radiotherapy,Moderate,41-50
7,radiotherapy,Moderate,41-50
7,radiotherapy,Moderate,41-50
7,radiotherapy,Moderate,41-50
9,radiotherapy,Moderate,41-50
7,radiotherapy,Moderate,41-50
8,radiotherapy,Moderate,41-50
9,radiotherapy,Moderate,41-50
9,radiotherapy,Moderate,41-50
7,radiotherapy,Moderate,41-50
6,radiotherapy,Moderate,41-50
9,radiotherapy,Moderate,41-50
4,radiotherapy,Moderate,41-50
4,radiotherapy,Moderate,41-50
4,radiotherapy,Moderate,41-50
8,radiotherapy,Moderate,41-50
8,radiotherapy,Moderate,41-50
2,radiotherapy,Moderate,41-50
5,radiotherapy,Moderate,41-50
9,radiotherapy,Moderate,41-50
6,radiotherapy,Moderate,41-50
9,radiotherapy,Moderate,41-50
5,radiotherapy,Moderate,41-50
7,radiotherapy,Moderate,41-50
6,radiotherapy,Moderate,41-50
5,radiotherapy,Moderate,41-50
4,radiotherapy,Moderate,41-50
9,radiotherapy,Moderate,41-50
9,radiotherapy,Moderate,41-50
4,radiotherapy,Moderate,41-50
7,radiotherapy,Moderate,41-50
4,radiotherapy,Moderate,41-50
2,radiotherapy,Moderate,41-50
9,radiotherapy,Moderate,41-50
7,radiotherapy,Moderate,41-50
6,radiotherapy,Moderate,41-50
4,radiotherapy,Moderate,41-50
7,radiotherapy,Moderate,41-50
1,radiotherapy,Moderate,41-50
6,radiotherapy,Moderate,41-50
9,radiotherapy,Moderate,41-50
2,radiotherapy,Moderate,41-50
9,radiotherapy,Moderate,41-50
7,radiotherapy,Moderate,41-50
8,radiotherapy,Moderate,41-50
2,radiotherapy,Moderate,41-50
3,radiotherapy,Moderate,41-50
8,radiotherapy,Moderate,41-50
1,radiotherapy,Moderate,41-50
1,radiotherapy,Moderate,41-50
7,radiotherapy,Moderate,41-50
7,radiotherapy,Moderate,41-50
6,radiotherapy,Moderate,41-50
6,radiotherapy,Moderate,41-50
5,radiotherapy,Moderate,41-50
5,radiotherapy,Moderate,41-50
6,radiotherapy,Moderate,41-50
9,radiotherapy,Moderate,41-50
1,radiotherapy,Moderate,41-50
6,radiotherapy,Moderate,41-50
4,radiotherapy,Moderate,41-50
2,radiotherapy,Moderate,41-50
8,radiotherapy,Moderate,41-50
3,radiotherapy,Moderate,41-50
5,radiotherapy,Moderate,41-50
6,radiotherapy,Moderate,41-50
9,radiotherapy,Moderate,41-50
1,radiotherapy,Moderate,41-50
4,radiotherapy,Moderate,41-50
3,radiotherapy,Moderate,41-50
1,radiotherapy,Moderate,41-50
9,radiotherapy,Moderate,41-50
6,radiotherapy,Moderate,41-50
7,radiotherapy,Moderate,41-50
2,radiotherapy,Moderate,41-50
6,radiotherapy,Moderate,41-50
5,radiotherapy,Moderate,41-50
3,radiotherapy,Moderate,41-50
2,radiotherapy,Moderate,41-50
6,radiotherapy,Moderate,41-50
9,radiotherapy,Moderate,41-50
9,radiotherapy,Moderate,41-50
1,radiotherapy,Moderate,41-50
9,radiotherapy,Moderate,41-50
5,radiotherapy,Moderate,41-50
8,radiotherapy,Moderate,41-50
8,radiotherapy,Moderate,41-50
6,radiotherapy,Moderate,41-50
7,radiotherapy,Moderate,41-50
7,radiotherapy,Moderate,41-50
4,radiotherapy,Moderate,41-50
9,radiotherapy,Moderate,41-50
1,radiotherapy,Moderate,41-50
4,radiotherapy,Moderate,41-50
9,radiotherapy,Moderate,41-50
9,radiotherapy,Moderate,41-50
4,radiotherapy,Moderate,41-50
5,radiotherapy,Moderate,41-50
8,radiotherapy,Moderate,41-50
7,radiotherapy,Moderate,41-50
2,radiotherapy,Moderate,41-50
4,radiotherapy,Moderate,41-50
1,radiotherapy,Moderate,41-50
9,radiotherapy,Moderate,41-50
8,radiotherapy,Moderate,41-50
9,radiotherapy,Moderate,41-50
9,radiotherapy,Moderate,41-50
7,radiotherapy,Moderate,41-50
8,radiotherapy,Moderate,41-50
2,radiotherapy,Moderate,41-50
9,radiotherapy,Moderate,41-50
6,radiotherapy,Moderate,41-50
3,radiotherapy,Moderate,41-50
8,radiotherapy,Moderate,41-50
9,radiotherapy,Moderate,41-50
6,radiotherapy,Moderate,41-50
9,radiotherapy,Moderate,41-50
9,radiotherapy,Moderate,41-50
5,radiotherapy,Moderate,41-50
1,radiotherapy,Moderate,41-50
2,radiotherapy,Moderate,41-50
2,radiotherapy,Moderate,41-50
1,radiotherapy,Moderate,41-50
8,radiotherapy,Moderate,41-50
2,radiotherapy,Moderate,41-50
1,radiotherapy,Moderate,41-50
9,radiotherapy,Moderate,41-50
6,radiotherapy,Moderate,41-50
8,radiotherapy,Moderate,41-50
3,radiotherapy,Moderate,41-50
9,radiotherapy,Moderate,41-50
6,radiotherapy,Moderate,41-50
3,radiotherapy,Moderate,41-50
5,radiotherapy,Moderate,41-50
8,radiotherapy,Moderate,41-50
4,radiotherapy,Moderate,41-50
4,radiotherapy,Moderate,41-50
4,radiotherapy,Moderate,41-50
4,radiotherapy,Moderate,41-50
9,radiotherapy,Moderate,41-50
9,radiotherapy,Moderate,41-50
1,radiotherapy,Moderate,41-50
7,radiotherapy,Moderate,41-50
1,radiotherapy,Moderate,41-50
7,radiotherapy,Moderate,41-50
6,radiotherapy,Moderate,41-50
8,radiotherapy,Moderate,41-50
1,radiotherapy,Moderate,41-50
2,radiotherapy,Moderate,41-50
5,radiotherapy,Moderate,41-50
2,radiotherapy,Moderate,41-50
5,radiotherapy,Moderate,41-50
5,radiotherapy,Moderate,41-50
1,radiotherapy,Moderate,41-50
2,radiotherapy,Moderate,41-50
9,radiotherapy,Moderate,41-50
6,radiotherapy,Moderate,41-50
9,radiotherapy,Moderate,41-50
2,radiotherapy,Moderate,41-50
7,radiotherapy,Moderate,41-50
7,radiotherapy,Moderate,41-50
5,radiotherapy,Moderate,41-50
5,radiotherapy,Moderate,41-50
6,radiotherapy,Moderate,41-50
5,radiotherapy,Moderate,41-50
8,radiotherapy,Moderate,41-50
6,radiotherapy,Moderate,41-50
5,radiotherapy,Moderate,41-50
6,radiotherapy,Moderate,41-50
9,radiotherapy,Moderate,41-50
4,radiotherapy,Moderate,41-50
2,radiotherapy,Moderate,41-50
5,radiotherapy,Moderate,41-50
9,radiotherapy,Moderate,41-50
9,radiotherapy,Moderate,41-50
9,radiotherapy,Moderate,41-50
9,radiotherapy,Moderate,41-50
4,radiotherapy,Moderate,41-50
4,radiotherapy,Moderate,41-50
6,radiotherapy,Moderate,41-50
5,radiotherapy,Moderate,41-50
7,radiotherapy,Moderate,41-50
3,radiotherapy,Moderate,41-50
9,radiotherapy,Moderate,41-50
9,radiotherapy,Moderate,41-50
8,radiotherapy,Moderate,41-50
8,radiotherapy,Moderate,41-50
8,radiotherapy,Moderate,41-50
6,radiotherapy,Moderate,41-50
5,radiotherapy,Moderate,41-50
4,radiotherapy,Moderate,41-50
7,radiotherapy,Moderate,41-50
7,radiotherapy,Moderate,41-50
4,radiotherapy,Moderate,41-50
2,radiotherapy,Moderate,41-50
3,radiotherapy,Moderate,41-50
6,radiotherapy,Moderate,41-50
6,radiotherapy,Moderate,41-50
4,radiotherapy,Moderate,41-50
2,radiotherapy,Moderate,41-50
5,radiotherapy,Moderate,41-50
7,radiotherapy,Moderate,41-50
8,radiotherapy,Moderate,41-50
4,radiotherapy,Moderate,41-50
8,radiotherapy,Moderate,41-50
8,radiotherapy,Moderate,41-50
1,radiotherapy,Moderate,41-50
