Date,Hospital_ID,Department,Patient_ID,Patients_Admitted,Patients_Discharged,Bed_Capacity,Occupied_Beds,ICU_Beds,Occupied_ICU,Blood_A_Pos,Blood_B_Pos,Blood_O_Pos,Blood_AB_Pos,Blood_A_Neg,Blood_B_Neg,Blood_O_Neg,Blood_AB_Neg,Medicine_Stock,Medicine_Consumption,Doctors,Nurses,Ward_Boys,Emergency_Cases,Ambulances,Ventilators,Oxygen_Cylinders,Average_Wait_Time,Weekend_Flag,Disease_Severity_Score,Occupancy_Rate,ICU_Rate,Medicine_Usage_Rate,Tomorrow_Bed_Occupancy,Tomorrow_ICU_Occupancy,Tomorrow_Medicine_Demand,Tomorrow_Blood_Demand,Tomorrow_Staff_Demand,Patient_Age
2023-01-01,HOSP-008,radiotherapy,PT-000000,33,44,457,390,91,78,95,54,78,65,61,65,27,17,5038,3837,33,82,30,36,13,23,525,72.8,1,1.0,85.34,85.71,0.76,386,78,4060,67,121,41-50
2023-01-01,HOSP-006,radiotherapy,PT-000001,49,53,432,421,86,84,85,68,40,65,79,63,41,100,8703,6274,55,137,36,13,8,29,538,71.91,1,0.9,97.45,97.67,0.72,432,86,6945,145,201,41-50
2023-01-01,HOSP-005,radiotherapy,PT-000002,29,42,789,784,157,156,88,40,36,92,18,71,54,49,30719,6846,49,122,21,12,7,32,327,17.03,1,4.7,99.37,99.36,0.22,789,157,7632,103,157,41-50
2023-01-01,HOSP-010,radiotherapy,PT-000003,35,67,475,461,95,92,86,11,99,22,58,82,11,29,9227,4114,70,175,35,6,6,22,692,71.7,1,2.1,97.05,96.84,0.45,433,95,4657,51,266,41-50
2023-01-01,HOSP-004,radiotherapy,PT-000004,45,25,455,343,91,68,92,57,90,99,10,65,55,41,14173,7524,76,190,38,8,12,30,539,48.16,1,1.4,75.38,74.73,0.53,309,69,6876,71,273,41-50
2023-01-01,HOSP-009,radiotherapy,PT-000005,42,42,697,697,139,139,76,86,53,35,11,72,100,27,15803,7342,67,167,21,39,10,30,640,42.13,1,2.0,100.0,100.0,0.46,697,139,6722,114,242,41-50
2023-01-01,HOSP-009,radiotherapy,PT-000006,28,67,443,281,88,56,52,90,96,47,47,14,85,10,28101,5932,77,192,11,22,11,12,437,19.48,1,3.5,63.43,63.64,0.21,256,55,5688,57,257,41-50
2023-01-01,HOSP-005,radiotherapy,PT-000007,67,33,497,447,99,89,86,19,59,65,31,14,82,59,21907,5701,80,200,18,6,11,40,238,63.35,1,3.1,89.94,89.9,0.26,474,96,5328,123,267,41-50
2023-01-01,HOSP-010,radiotherapy,PT-000008,66,25,543,434,108,86,54,75,48,89,75,35,81,52,34125,5311,33,82,40,39,7,17,494,49.38,1,6.7,79.93,79.63,0.16,413,82,5978,80,105,41-50
2023-01-01,HOSP-008,radiotherapy,PT-000009,75,45,732,517,146,103,64,78,58,89,43,95,78,29,5504,5342,26,65,23,22,10,35,610,73.84,1,5.0,70.63,70.55,0.97,528,99,6364,107,86,41-50
2023-01-01,HOSP-009,radiotherapy,PT-000010,71,59,796,660,159,132,24,56,22,52,96,77,39,13,8112,7812,20,50,21,21,14,27,767,14.21,1,1.4,82.91,83.02,0.96,700,137,8468,53,68,41-50
2023-01-01,HOSP-001,radiotherapy,PT-000011,31,66,421,328,84,65,58,21,11,23,12,21,11,67,44326,3804,100,250,31,29,3,33,352,43.37,1,5.7,77.91,77.38,0.09,335,69,3890,62,362,41-50
2023-01-01,HOSP-007,radiotherapy,PT-000012,57,28,777,524,155,104,22,61,15,49,61,34,12,88,23242,7783,98,245,23,15,2,28,269,60.48,1,5.7,67.44,67.1,0.33,508,110,9145,81,342,41-50
2023-01-01,HOSP-006,radiotherapy,PT-000013,45,46,520,381,104,76,88,60,57,29,80,78,29,96,39591,3700,69,172,40,21,15,23,312,77.09,1,3.7,73.27,73.08,0.09,356,76,3718,108,253,41-50
2023-01-01,HOSP-007,radiotherapy,PT-000014,58,59,515,495,103,99,88,45,21,54,73,64,86,60,37986,9812,45,112,13,36,4,24,614,18.57,1,2.0,96.12,96.12,0.26,515,103,10368,141,163,41-50
2023-01-01,HOSP-001,radiotherapy,PT-000015,47,18,617,444,123,88,33,56,75,23,35,91,28,83,17316,8022,100,250,20,5,6,21,739,14.16,1,3.5,71.96,71.54,0.46,436,92,9178,115,336,41-50
2023-01-01,HOSP-007,radiotherapy,PT-000016,65,50,592,415,118,83,17,53,75,31,67,25,55,71,48931,3386,38,95,38,29,4,21,380,64.79,1,4.0,70.1,70.34,0.07,450,84,3087,83,124,41-50
2023-01-01,HOSP-009,radiotherapy,PT-000017,48,20,329,244,65,48,98,61,60,91,23,13,69,95,49271,4216,69,172,29,15,7,46,380,54.76,1,1.6,74.16,73.85,0.09,237,45,4249,118,225,41-50
2023-01-01,HOSP-009,radiotherapy,PT-000018,47,43,472,349,94,69,60,87,48,81,56,31,49,70,49420,9218,69,172,19,32,7,21,268,13.83,1,4.7,73.94,73.4,0.19,366,73,9240,72,245,41-50
2023-01-01,HOSP-001,radiotherapy,PT-000019,24,37,709,493,141,98,11,77,39,39,100,82,25,97,39635,6628,90,225,30,19,11,27,711,55.67,1,4.0,69.53,69.5,0.17,519,96,7127,100,304,41-50
2023-01-01,HOSP-002,radiotherapy,PT-000020,55,55,707,508,141,101,55,60,47,54,26,77,89,76,7044,1398,47,117,39,23,8,37,445,15.54,1,4.5,71.85,71.63,0.2,531,98,1643,66,165,41-50
2023-01-01,HOSP-001,radiotherapy,PT-000021,24,17,322,299,64,59,56,36,30,14,40,89,48,82,6235,4985,46,115,14,37,13,44,754,20.3,1,6.2,92.86,92.19,0.8,286,64,4491,49,173,41-50
2023-01-01,HOSP-002,radiotherapy,PT-000022,59,75,735,512,147,102,40,24,18,23,23,98,31,85,25390,5960,68,170,37,18,4,35,633,41.83,1,4.0,69.66,69.39,0.23,492,105,6643,50,236,41-50
2023-01-01,HOSP-004,radiotherapy,PT-000023,58,70,404,297,80,59,64,17,68,64,39,58,11,77,10571,2650,82,205,15,29,3,12,643,31.18,1,2.0,73.51,73.75,0.25,296,61,2871,98,292,41-50
2023-01-01,HOSP-001,radiotherapy,PT-000024,50,21,303,230,60,46,25,85,54,34,36,91,68,75,29379,6694,32,80,24,15,7,16,242,16.62,1,1.2,75.91,76.67,0.23,217,46,6148,81,108,41-50
2023-01-01,HOSP-008,radiotherapy,PT-000025,30,71,779,594,155,118,46,72,64,28,20,54,26,32,35905,5319,53,132,16,8,4,18,500,63.5,1,4.5,76.25,76.13,0.15,562,126,5899,38,176,41-50
2023-01-01,HOSP-003,radiotherapy,PT-000026,62,62,587,393,117,78,22,45,10,28,59,21,41,93,34392,4900,79,197,25,29,3,50,250,46.57,1,5.1,66.95,66.67,0.14,395,79,5239,59,300,41-50
2023-01-01,HOSP-010,radiotherapy,PT-000027,64,16,314,291,62,58,64,17,82,38,57,79,54,42,47686,2966,51,127,38,18,8,28,282,32.99,1,1.3,92.68,93.55,0.06,269,59,2927,104,186,41-50
2023-01-01,HOSP-007,radiotherapy,PT-000028,54,34,617,605,123,121,52,42,72,76,17,89,72,63,39591,6666,21,52,29,14,10,38,407,26.0,1,4.2,98.06,98.37,0.17,613,123,6832,108,72,41-50
2023-01-01,HOSP-004,radiotherapy,PT-000029,49,42,508,456,101,91,32,50,57,95,20,80,87,39,21237,9785,34,85,39,17,7,24,420,15.76,1,2.2,89.76,90.1,0.46,489,89,11717,98,113,41-50
2023-01-01,HOSP-007,radiotherapy,PT-000030,56,18,321,304,64,60,42,59,68,80,61,32,25,73,26806,7191,68,170,13,13,9,34,769,62.55,1,2.2,94.7,93.75,0.27,299,59,7508,65,248,41-50
2023-01-01,HOSP-004,radiotherapy,PT-000031,41,33,619,450,123,90,78,97,83,97,67,54,38,59,45070,8838,53,132,31,10,6,26,763,72.37,1,3.5,72.7,73.17,0.2,463,97,8032,66,188,41-50
2023-01-01,HOSP-009,radiotherapy,PT-000032,46,46,321,235,64,47,68,46,97,56,78,64,49,59,27959,9776,57,142,23,30,4,31,282,54.79,1,4.3,73.21,73.44,0.35,246,47,11404,100,210,41-50
2023-01-01,HOSP-007,radiotherapy,PT-000033,29,23,799,685,159,137,97,35,70,87,62,20,93,35,45882,2060,77,192,32,8,4,46,423,48.34,1,2.8,85.73,86.16,0.04,675,142,2040,85,279,41-50
2023-01-01,HOSP-003,radiotherapy,PT-000034,37,18,381,252,76,50,64,60,19,11,99,67,40,100,44667,5331,87,217,14,33,15,13,387,87.95,1,0.9,66.14,65.79,0.12,252,53,4890,94,299,41-50
2023-01-01,HOSP-006,radiotherapy,PT-000035,28,24,701,659,140,131,76,41,92,61,77,17,59,45,47342,8682,86,215,31,9,3,14,764,51.07,1,3.5,94.01,93.57,0.18,608,128,10276,74,309,41-50
2023-01-01,HOSP-006,radiotherapy,PT-000036,54,53,754,614,150,122,86,24,97,57,33,92,19,13,15172,8822,97,242,33,33,9,39,723,38.08,1,6.3,81.43,81.33,0.58,569,126,9790,83,336,41-50
2023-01-01,HOSP-001,radiotherapy,PT-000037,79,50,793,626,158,125,38,24,40,72,59,80,39,37,9167,1639,73,182,13,32,4,38,628,57.03,1,6.2,78.94,79.11,0.18,566,134,1541,56,263,41-50
2023-01-01,HOSP-009,radiotherapy,PT-000038,76,28,534,514,106,102,40,41,26,25,34,85,35,52,37358,2533,29,72,39,37,11,17,442,26.98,1,5.2,96.25,96.23,0.07,530,104,2363,73,98,41-50
2023-01-01,HOSP-008,radiotherapy,PT-000039,21,70,790,603,158,120,47,73,13,10,73,92,58,29,5570,3330,47,117,25,7,10,40,694,75.25,1,3.1,76.33,75.95,0.6,558,119,3297,92,171,41-50
2023-01-01,HOSP-010,radiotherapy,PT-000040,77,19,345,284,69,56,58,67,46,20,66,77,54,65,11541,8529,58,145,20,40,15,32,261,64.84,1,2.8,82.32,81.16,0.74,271,53,10111,61,210,41-50
2023-01-01,HOSP-010,radiotherapy,PT-000041,25,33,509,340,101,68,19,18,93,64,37,35,86,67,19960,6940,38,95,28,36,4,26,269,38.13,1,4.7,66.8,67.33,0.35,351,72,7750,51,136,41-50
2023-01-01,HOSP-005,radiotherapy,PT-000042,25,60,403,380,80,76,45,14,58,80,27,41,88,40,16106,6724,38,95,14,26,9,49,377,25.32,1,2.2,94.29,95.0,0.42,367,73,7286,81,142,41-50
2023-01-01,HOSP-009,radiotherapy,PT-000043,30,65,507,306,101,61,81,81,84,38,16,22,31,68,21144,8728,86,215,36,20,4,45,223,35.41,1,3.7,60.36,60.4,0.41,326,60,10264,87,317,41-50
2023-01-01,HOSP-008,radiotherapy,PT-000044,40,46,323,214,64,42,88,34,29,28,38,67,11,57,33966,5075,64,160,26,32,5,36,468,16.74,1,2.4,66.25,65.62,0.15,231,43,4571,62,206,41-50
2023-01-01,HOSP-003,radiotherapy,PT-000045,27,58,482,367,96,73,100,94,56,17,73,73,62,35,15860,3860,64,160,28,39,8,47,772,56.53,1,4.2,76.14,76.04,0.24,363,76,4089,78,236,41-50
2023-01-01,HOSP-006,radiotherapy,PT-000046,66,51,610,419,122,83,45,57,74,51,76,80,40,65,21402,4614,24,60,24,12,6,39,334,53.39,1,6.0,68.69,68.03,0.22,444,84,4922,102,84,41-50
2023-01-01,HOSP-002,radiotherapy,PT-000047,66,58,513,394,102,78,52,21,29,18,43,100,82,100,27322,8552,76,190,13,13,3,40,798,89.68,1,4.5,76.8,76.47,0.31,371,79,8523,114,260,41-50
2023-01-01,HOSP-003,radiotherapy,PT-000048,60,66,633,409,126,81,95,48,47,17,52,45,84,79,34581,2150,73,182,37,14,4,24,378,80.16,1,2.9,64.61,64.29,0.06,395,87,2183,81,239,41-50
2023-01-01,HOSP-010,radiotherapy,PT-000049,45,58,538,345,107,69,19,50,55,28,80,82,50,75,36360,6033,24,60,31,28,7,26,711,79.04,1,0.9,64.13,64.49,0.17,341,75,5808,53,80,41-50
2023-01-01,HOSP-009,radiotherapy,PT-000050,74,61,670,476,134,95,98,89,85,59,92,44,47,90,32827,3859,80,200,21,21,12,44,274,45.66,1,2.0,71.04,70.9,0.12,467,91,4475,148,293,41-50
2023-01-01,HOSP-005,radiotherapy,PT-000051,21,15,741,618,148,123,57,57,21,66,38,62,78,98,41844,9302,81,202,39,7,5,36,498,63.67,1,5.9,83.4,83.11,0.22,641,130,10167,55,268,41-50
2023-01-01,HOSP-008,radiotherapy,PT-000052,76,48,725,485,145,97,72,33,24,75,51,82,89,81,38761,8020,44,110,12,28,12,39,475,85.88,1,1.2,66.9,66.9,0.21,515,94,8667,69,141,41-50
2023-01-01,HOSP-007,radiotherapy,PT-000053,40,16,436,270,87,54,16,42,19,27,29,86,14,100,31224,8498,62,155,24,9,14,20,635,10.79,1,6.6,61.93,62.07,0.27,288,56,9231,38,199,41-50
2023-01-01,HOSP-002,radiotherapy,PT-000054,36,65,744,576,148,115,58,51,63,52,39,37,12,30,21545,5894,53,132,30,33,11,43,557,35.95,1,5.3,77.42,77.7,0.27,570,114,6737,65,187,41-50
2023-01-01,HOSP-008,radiotherapy,PT-000055,40,33,703,567,140,113,94,84,38,69,92,51,52,37,41676,5342,48,120,34,34,6,42,272,66.16,1,3.5,80.65,80.71,0.13,555,107,6107,151,163,41-50
2023-01-01,HOSP-005,radiotherapy,PT-000056,63,50,596,557,119,111,74,53,81,24,55,73,73,77,7720,4486,34,85,20,18,10,17,484,58.68,1,2.0,93.46,93.28,0.58,532,106,4452,102,119,41-50
2023-01-01,HOSP-010,radiotherapy,PT-000057,31,51,509,357,101,71,39,14,16,17,15,87,67,62,43349,4648,70,175,25,10,4,13,265,70.09,1,5.3,70.14,70.3,0.11,329,74,4624,62,237,41-50
2023-01-01,HOSP-001,radiotherapy,PT-000058,70,66,667,645,133,129,16,75,35,11,77,47,55,66,21693,6425,41,102,18,17,2,42,534,58.96,1,3.3,96.7,96.99,0.3,667,133,6591,71,137,41-50
2023-01-01,HOSP-005,radiotherapy,PT-000059,46,46,426,307,85,61,85,88,10,39,44,39,69,68,8856,6558,35,87,32,28,6,20,275,87.16,1,4.9,72.07,71.76,0.74,306,65,7444,129,120,41-50
2023-01-01,HOSP-001,radiotherapy,PT-000060,65,21,648,485,129,97,33,97,81,34,67,43,44,69,25750,9011,66,165,28,40,5,48,317,45.64,1,2.6,74.85,75.19,0.35,438,96,8440,119,234,41-50
2023-01-01,HOSP-001,radiotherapy,PT-000061,73,75,517,406,103,81,42,92,28,74,97,79,68,43,20107,1294,25,62,34,30,4,34,646,27.77,1,4.5,78.53,78.64,0.06,420,78,1525,88,84,41-50
2023-01-01,HOSP-003,radiotherapy,PT-000062,52,34,478,359,95,71,27,74,36,65,92,12,97,88,16930,9592,38,95,28,28,7,17,517,73.52,1,6.0,75.1,74.74,0.57,354,70,10846,119,128,41-50
2023-01-01,HOSP-007,radiotherapy,PT-000063,37,18,409,260,81,52,13,29,92,79,60,21,100,42,27503,9768,91,227,21,5,3,25,253,41.35,1,3.9,63.57,64.2,0.36,243,54,9938,126,321,41-50
2023-01-01,HOSP-003,radiotherapy,PT-000064,38,34,729,680,145,136,38,56,41,92,25,79,92,21,9621,8480,23,57,11,27,4,39,286,38.01,1,1.5,93.28,93.79,0.88,653,140,10157,93,78,41-50
2023-01-01,HOSP-008,radiotherapy,PT-000065,67,42,534,409,106,81,88,71,16,66,57,63,99,39,6806,6653,21,52,25,16,3,43,523,46.86,1,3.1,76.59,76.42,0.98,432,81,7807,114,74,41-50
2023-01-01,HOSP-006,radiotherapy,PT-000066,65,57,759,473,151,94,50,23,39,73,89,98,93,36,22400,4902,99,247,19,6,8,22,716,54.01,1,3.4,62.32,62.25,0.22,515,97,4642,103,326,41-50
2023-01-01,HOSP-009,radiotherapy,PT-000067,48,22,505,337,101,67,80,13,34,34,41,47,93,67,26822,6254,53,132,25,11,2,32,711,41.76,1,5.3,66.73,66.34,0.23,353,68,7438,102,183,41-50
2023-01-01,HOSP-002,radiotherapy,PT-000068,49,34,449,397,89,79,27,19,29,30,40,67,100,94,15482,7230,83,207,25,23,11,45,608,76.23,1,1.0,88.42,88.76,0.47,382,78,8650,98,291,41-50
2023-01-01,HOSP-006,radiotherapy,PT-000069,50,53,389,287,77,57,97,38,65,50,33,16,91,43,12198,7393,91,227,12,19,8,34,240,43.12,1,0.9,73.78,74.03,0.61,303,60,7082,124,317,41-50
2023-01-01,HOSP-005,radiotherapy,PT-000070,57,22,336,252,67,50,38,65,68,40,69,47,31,83,44408,8314,54,135,13,10,11,34,332,55.9,1,4.8,75.0,74.63,0.19,265,53,9831,78,176,41-50
2023-01-01,HOSP-007,radiotherapy,PT-000071,41,23,594,427,118,85,79,90,54,31,31,49,98,47,10509,2584,95,237,40,16,12,25,570,55.06,1,5.8,71.89,72.03,0.25,423,89,2940,121,323,41-50
2023-01-01,HOSP-008,radiotherapy,PT-000072,22,38,534,400,106,80,50,89,21,63,25,11,100,28,48940,4105,89,222,23,31,2,31,446,75.46,1,3.6,74.91,75.47,0.08,437,87,4395,46,321,41-50
2023-01-01,HOSP-001,radiotherapy,PT-000073,54,30,532,490,106,98,15,24,47,94,38,66,90,73,11949,8923,52,130,26,40,2,23,551,48.8,1,0.7,92.11,92.45,0.75,485,93,9899,123,177,41-50
2023-01-01,HOSP-010,radiotherapy,PT-000074,50,36,582,402,116,80,36,44,29,58,90,26,17,27,40461,4182,86,215,39,25,2,39,761,37.2,1,1.6,69.07,68.97,0.1,367,83,4753,42,288,41-50
2023-01-01,HOSP-002,radiotherapy,PT-000075,36,43,699,500,139,100,65,28,97,41,33,79,32,69,17705,5433,42,105,23,30,14,10,774,77.05,1,4.0,71.53,71.94,0.31,531,105,5280,107,146,41-50
2023-01-01,HOSP-006,radiotherapy,PT-000076,25,22,517,483,103,96,23,53,51,18,15,75,26,98,14065,4814,61,152,36,12,9,30,637,61.1,1,3.4,93.42,93.2,0.34,451,101,4973,64,224,41-50
2023-01-01,HOSP-003,radiotherapy,PT-000077,29,72,541,434,108,86,61,86,32,78,83,60,45,50,8122,4558,68,170,20,31,7,50,497,41.08,1,6.6,80.22,79.63,0.56,465,88,5218,113,238,41-50
2023-01-01,HOSP-002,radiotherapy,PT-000078,74,18,567,423,113,84,99,32,38,40,35,51,11,12,12136,4579,90,225,14,35,14,45,532,16.83,1,6.1,74.6,74.34,0.38,423,84,4841,68,326,41-50
2023-01-01,HOSP-002,radiotherapy,PT-000079,75,47,532,387,106,77,36,35,33,33,16,46,95,75,9381,5964,93,232,17,29,10,21,547,66.46,1,5.4,72.74,72.64,0.64,384,73,6573,74,344,41-50
2023-01-01,HOSP-004,radiotherapy,PT-000080,65,64,768,568,153,113,67,52,99,71,59,64,97,77,20368,4047,70,175,32,36,6,29,636,69.43,1,3.7,73.96,73.86,0.2,563,111,3797,147,247,41-50
2023-01-01,HOSP-005,radiotherapy,PT-000081,22,28,741,585,148,117,82,71,33,44,66,59,42,57,28027,2268,86,215,19,16,10,40,480,75.56,1,4.0,78.95,79.05,0.08,549,122,2444,60,296,41-50
2023-01-01,HOSP-008,radiotherapy,PT-000082,43,20,657,590,131,118,31,67,76,21,29,49,88,29,18023,1316,60,150,18,15,12,18,739,78.13,1,1.9,89.8,90.08,0.07,627,122,1189,109,227,41-50
2023-01-01,HOSP-008,radiotherapy,PT-000083,47,24,369,279,73,55,13,60,90,100,42,64,35,29,24516,5572,87,217,22,30,10,30,357,34.95,1,6.5,75.61,75.34,0.23,293,54,5657,90,295,41-50
2023-01-01,HOSP-003,radiotherapy,PT-000084,29,59,356,288,71,57,74,25,13,43,14,17,68,38,19600,1111,70,175,15,18,3,12,301,79.15,1,5.7,80.9,80.28,0.06,291,56,1233,84,230,41-50
2023-01-01,HOSP-001,radiotherapy,PT-000085,43,37,679,451,135,90,28,11,48,24,39,47,48,96,11535,7001,25,62,23,10,11,47,618,33.58,1,3.2,66.42,66.67,0.61,439,87,8122,43,84,41-50
2023-01-01,HOSP-004,radiotherapy,PT-000086,64,50,519,431,103,86,78,36,23,80,80,89,19,65,49469,2044,94,235,25,23,11,20,275,84.3,1,4.7,83.04,83.5,0.04,392,93,2253,77,309,41-50
2023-01-01,HOSP-010,radiotherapy,PT-000087,66,34,566,446,113,89,28,47,44,72,58,26,22,38,9837,2379,66,165,18,31,10,30,389,72.71,1,2.6,78.8,78.76,0.24,482,90,2818,97,244,41-50
2023-01-01,HOSP-005,radiotherapy,PT-000088,36,69,707,587,141,117,16,78,10,32,39,10,42,79,29469,9765,78,195,28,21,10,24,264,50.97,1,0.7,83.03,82.98,0.33,643,117,10821,86,284,41-50
2023-01-01,HOSP-004,radiotherapy,PT-000089,43,61,426,328,85,65,40,90,29,72,54,26,98,77,11565,7743,58,145,32,12,10,15,256,23.39,1,2.7,77.0,76.47,0.67,353,71,7729,65,217,41-50
2023-01-01,HOSP-001,radiotherapy,PT-000090,47,55,395,309,79,61,80,27,78,52,19,84,94,71,43889,1475,77,192,14,17,6,35,736,89.43,1,1.2,78.23,77.22,0.03,320,61,1633,113,268,41-50
2023-01-01,HOSP-008,radiotherapy,PT-000091,37,27,669,619,133,123,61,50,96,100,16,78,10,23,26457,3661,38,95,20,12,11,50,322,29.5,1,0.9,92.53,92.48,0.14,630,125,4020,50,142,41-50
2023-01-01,HOSP-006,radiotherapy,PT-000092,73,34,587,489,117,97,16,56,49,22,75,43,19,20,24792,4917,82,205,29,18,8,16,435,12.24,1,3.1,83.3,82.91,0.2,530,105,4565,73,291,41-50
2023-01-01,HOSP-002,radiotherapy,PT-000093,26,45,749,670,149,134,17,40,76,34,88,60,49,78,10980,5117,34,85,32,14,6,30,596,17.98,1,2.4,89.45,89.93,0.47,693,145,5444,110,127,41-50
2023-01-01,HOSP-008,radiotherapy,PT-000094,48,68,310,262,62,52,61,100,40,86,48,24,59,52,17760,4389,96,240,39,21,11,43,267,56.42,1,3.2,84.52,83.87,0.25,281,54,3990,135,310,41-50
2023-01-01,HOSP-004,radiotherapy,PT-000095,79,73,777,612,155,122,68,76,79,71,79,79,94,51,11950,7003,38,95,12,21,8,29,639,46.93,1,4.4,78.76,78.71,0.59,555,129,7991,131,140,41-50
2023-01-01,HOSP-007,radiotherapy,PT-000096,74,44,603,444,120,88,85,100,66,75,66,90,96,16,36006,7531,50,125,21,29,12,11,228,17.65,1,6.3,73.63,73.33,0.21,429,91,6778,155,175,41-50
2023-01-01,HOSP-002,radiotherapy,PT-000097,30,20,662,538,132,107,69,22,52,33,44,73,84,71,17750,4172,60,150,14,8,11,43,719,12.76,1,4.4,81.27,81.06,0.24,582,111,4123,96,197,41-50
2023-01-01,HOSP-001,radiotherapy,PT-000098,38,31,684,421,136,84,40,14,91,36,20,55,57,10,47345,7529,93,232,14,25,5,37,658,18.18,1,2.9,61.55,61.76,0.16,435,80,7300,73,322,41-50
2023-01-01,HOSP-001,radiotherapy,PT-000099,59,20,323,270,64,54,42,83,89,44,91,96,47,38,16161,6556,72,180,13,20,3,36,627,15.93,1,6.4,83.59,84.38,0.41,247,54,6332,90,262,41-50
2023-01-02,HOSP-010,radiotherapy,PT-000100,28,47,300,225,60,45,71,75,53,88,52,26,36,68,43420,5225,82,205,17,11,6,27,605,18.59,0,0.7,75.0,75.0,0.12,203,48,5289,131,280,41-50
2023-01-02,HOSP-008,radiotherapy,PT-000101,32,29,774,464,154,92,21,43,88,25,31,53,24,79,13741,5657,41,102,29,11,5,42,354,50.04,0,5.5,59.95,59.74,0.41,465,99,5808,106,149,41-50
2023-01-02,HOSP-001,radiotherapy,PT-000102,79,71,481,439,96,87,67,79,27,27,48,90,49,94,20272,2519,37,92,11,7,8,38,498,60.16,0,6.0,91.27,90.62,0.12,447,90,2445,103,129,41-50
2023-01-02,HOSP-008,radiotherapy,PT-000103,28,28,484,302,96,60,27,16,65,91,15,48,100,90,7437,5439,88,220,28,25,5,12,598,81.95,0,4.2,62.4,62.5,0.73,299,63,6014,106,310,41-50
2023-01-02,HOSP-006,radiotherapy,PT-000104,71,56,463,400,92,80,33,57,72,87,97,65,27,16,43851,9447,56,140,22,16,10,30,406,11.0,0,2.3,86.39,86.96,0.22,378,86,9143,77,187,41-50
2023-01-02,HOSP-009,radiotherapy,PT-000105,32,68,749,608,149,121,31,36,46,92,13,60,42,63,15098,8498,37,92,38,32,9,42,308,72.65,0,5.3,81.17,81.21,0.56,643,130,9618,114,132,41-50
2023-01-02,HOSP-002,radiotherapy,PT-000106,41,63,655,475,131,95,90,36,65,85,80,53,59,44,31919,7802,29,72,18,19,10,28,352,65.92,0,5.9,72.52,72.52,0.24,488,96,8851,55,100,41-50
2023-01-02,HOSP-010,radiotherapy,PT-000107,37,68,334,265,66,53,59,45,65,17,12,18,66,87,23121,3835,70,175,17,28,15,39,383,84.27,0,1.8,79.34,80.3,0.17,248,54,3888,106,238,41-50
2023-01-02,HOSP-005,radiotherapy,PT-000108,49,63,675,535,135,107,42,26,53,79,89,70,31,51,42948,7292,77,192,22,10,4,28,200,85.28,0,4.7,79.26,79.26,0.17,576,106,8327,69,261,41-50
2023-01-02,HOSP-008,radiotherapy,PT-000109,59,53,769,516,153,103,89,26,69,51,90,40,15,92,39628,1821,22,55,26,25,13,32,512,62.24,0,3.9,67.1,67.32,0.05,498,105,2044,81,73,41-50
2023-01-02,HOSP-002,radiotherapy,PT-000110,59,48,342,291,68,58,17,17,75,58,57,34,12,44,16273,5502,81,202,30,6,2,20,232,16.39,0,2.4,85.09,85.29,0.34,299,60,6495,39,296,41-50
2023-01-02,HOSP-003,radiotherapy,PT-000111,79,51,604,546,120,109,99,11,21,11,97,90,16,24,34623,5110,94,235,27,39,13,49,718,15.04,0,1.5,90.4,90.83,0.15,497,104,4767,73,322,41-50
2023-01-02,HOSP-003,radiotherapy,PT-000112,58,19,371,367,74,73,21,23,62,83,46,17,74,64,32175,5697,42,105,31,20,10,50,718,84.86,0,0.7,98.92,98.65,0.18,371,70,6296,49,153,41-50
2023-01-02,HOSP-007,radiotherapy,PT-000113,74,40,724,663,144,132,62,62,62,94,91,37,60,12,45357,2292,81,202,13,6,3,17,294,37.81,0,2.6,91.57,91.67,0.05,633,130,2239,64,296,41-50
2023-01-02,HOSP-006,radiotherapy,PT-000114,34,21,516,384,103,76,14,44,63,34,95,82,46,39,10227,7570,63,157,17,27,11,45,314,69.75,0,2.6,74.42,73.79,0.74,401,83,8058,63,229,41-50
2023-01-02,HOSP-010,radiotherapy,PT-000115,58,74,507,454,101,90,15,84,79,52,47,21,55,72,48143,5993,69,172,35,39,11,14,540,15.63,0,4.0,89.55,89.11,0.12,466,89,6563,52,256,41-50
2023-01-02,HOSP-006,radiotherapy,PT-000116,32,24,567,380,113,76,66,20,94,42,32,87,17,48,11936,9819,98,245,30,33,2,47,513,39.71,0,3.9,67.02,67.26,0.82,349,79,9013,100,331,41-50
2023-01-02,HOSP-002,radiotherapy,PT-000117,73,52,727,707,145,141,91,19,76,75,18,56,99,39,21003,9842,71,177,11,40,3,40,324,59.08,0,0.9,97.25,97.24,0.47,727,141,11569,104,235,41-50
2023-01-02,HOSP-008,radiotherapy,PT-000118,39,43,486,484,97,96,38,27,14,10,88,95,51,74,23428,1667,39,97,18,33,5,22,757,39.01,0,2.1,99.59,98.97,0.07,466,92,1621,114,127,41-50
2023-01-02,HOSP-009,radiotherapy,PT-000119,38,39,480,384,96,76,75,33,90,79,99,89,64,11,47329,9846,31,77,18,6,5,23,229,57.14,0,5.0,80.0,79.17,0.21,359,74,9249,141,98,41-50
2023-01-02,HOSP-003,radiotherapy,PT-000120,69,51,471,321,94,64,18,26,84,13,31,53,66,49,47180,4816,93,232,13,15,3,19,611,61.09,0,4.9,68.15,68.09,0.1,325,67,4772,69,319,41-50
2023-01-02,HOSP-005,radiotherapy,PT-000121,32,47,516,510,103,102,82,79,88,10,18,57,53,33,31839,9131,55,137,21,10,7,37,791,60.83,0,2.7,98.84,99.03,0.29,481,103,9535,71,199,41-50
2023-01-02,HOSP-009,radiotherapy,PT-000122,48,72,759,735,151,147,33,12,86,57,76,42,22,32,23745,3574,57,142,40,34,10,35,724,40.02,0,2.1,96.84,97.35,0.15,756,151,4114,64,205,41-50
2023-01-02,HOSP-007,radiotherapy,PT-000123,37,61,653,453,130,90,59,79,69,45,63,81,61,32,37331,9729,65,162,17,18,4,32,677,61.49,0,2.0,69.37,69.23,0.26,472,96,9027,57,215,41-50
2023-01-02,HOSP-007,radiotherapy,PT-000124,36,61,718,656,143,131,42,74,57,64,31,97,88,62,46901,8876,38,95,18,14,6,20,579,46.08,0,6.0,91.36,91.61,0.19,677,124,9762,87,144,41-50
2023-01-02,HOSP-003,radiotherapy,PT-000125,67,49,405,367,81,73,87,91,54,83,78,76,24,19,8625,2742,67,167,34,31,15,15,241,41.19,0,4.1,90.62,90.12,0.32,370,78,2778,104,244,41-50
2023-01-02,HOSP-008,radiotherapy,PT-000126,68,33,716,652,143,130,13,10,70,37,52,46,93,67,29166,7519,78,195,23,35,4,40,654,85.19,0,4.3,91.06,90.91,0.26,611,137,6815,98,265,41-50
2023-01-02,HOSP-007,radiotherapy,PT-000127,38,16,713,577,142,115,68,97,46,58,60,18,57,11,16885,1120,64,160,24,18,15,31,699,17.53,0,3.2,80.93,80.99,0.07,630,125,1040,63,208,41-50
2023-01-02,HOSP-004,radiotherapy,PT-000128,25,75,534,353,106,70,84,88,39,34,18,45,44,29,11091,1668,40,100,36,32,2,42,297,38.67,0,1.9,66.1,66.04,0.15,365,73,1845,84,140,41-50
2023-01-02,HOSP-009,radiotherapy,PT-000129,26,40,435,432,87,86,52,83,59,56,51,67,61,35,49619,5124,55,137,17,25,12,49,721,21.93,0,1.0,99.31,98.85,0.1,435,87,5356,94,179,41-50
2023-01-02,HOSP-008,radiotherapy,PT-000130,69,22,562,534,112,106,14,66,93,52,75,35,54,67,5266,3084,32,80,27,37,8,10,449,84.14,0,3.4,95.02,94.64,0.59,562,112,2999,86,106,41-50
2023-01-02,HOSP-005,radiotherapy,PT-000131,22,36,555,372,111,74,26,85,60,41,13,48,76,51,35852,2138,62,155,31,26,13,49,309,78.67,0,6.4,67.03,66.67,0.06,353,80,2007,58,223,41-50
2023-01-02,HOSP-004,radiotherapy,PT-000132,74,54,347,277,69,55,16,37,30,73,78,24,48,59,19664,8092,66,165,39,8,4,10,334,74.14,0,3.2,79.83,79.71,0.41,261,52,9180,102,228,41-50
2023-01-02,HOSP-003,radiotherapy,PT-000133,22,74,466,377,93,75,44,93,70,44,90,58,74,49,15167,4468,22,55,20,30,5,44,721,84.72,0,6.5,80.9,80.65,0.29,380,79,5319,111,78,41-50
2023-01-02,HOSP-001,radiotherapy,PT-000134,64,25,686,423,137,84,92,55,66,32,68,17,31,21,21088,2852,73,182,20,15,10,43,612,11.99,0,4.0,61.66,61.31,0.14,390,82,2987,60,238,41-50
2023-01-02,HOSP-002,radiotherapy,PT-000135,32,46,593,457,118,91,97,50,43,59,83,28,48,82,18395,5376,51,127,21,16,3,33,242,87.0,0,6.3,77.07,77.12,0.29,446,96,6367,67,182,41-50
2023-01-02,HOSP-001,radiotherapy,PT-000136,30,35,586,459,117,91,87,53,27,21,78,34,92,73,30085,8498,87,217,15,35,14,14,466,48.99,0,5.9,78.33,77.78,0.28,437,98,8864,103,280,41-50
2023-01-02,HOSP-005,radiotherapy,PT-000137,72,19,361,325,72,65,40,51,99,86,28,25,67,15,5923,2420,56,140,20,28,9,37,513,38.18,0,1.1,90.03,90.28,0.41,335,64,2767,71,183,41-50
2023-01-02,HOSP-005,radiotherapy,PT-000138,53,40,607,402,121,80,40,62,27,41,78,35,52,45,47404,4297,36,90,26,23,2,35,743,61.5,0,3.6,66.23,66.12,0.09,395,77,4685,50,126,41-50
2023-01-02,HOSP-009,radiotherapy,PT-000139,24,18,495,441,99,88,66,41,13,90,28,61,27,40,40903,4441,83,207,10,28,3,48,215,80.42,0,4.6,89.09,88.89,0.11,433,92,5292,48,287,41-50
2023-01-02,HOSP-008,radiotherapy,PT-000140,77,74,445,322,89,64,84,67,18,82,28,46,19,89,34826,7349,79,197,20,25,9,37,328,15.52,0,2.7,72.36,71.91,0.21,314,67,8214,87,273,41-50
2023-01-02,HOSP-010,radiotherapy,PT-000141,66,75,661,528,132,105,81,89,22,67,21,73,17,53,36915,6611,52,130,36,8,15,18,239,56.88,0,5.5,79.88,79.55,0.18,548,113,6781,117,188,41-50
2023-01-02,HOSP-009,radiotherapy,PT-000142,77,27,510,416,102,83,55,16,100,91,54,74,78,94,30367,6340,86,215,32,16,6,26,710,72.44,0,6.6,81.57,81.37,0.21,437,86,6640,99,290,41-50
2023-01-02,HOSP-001,radiotherapy,PT-000143,46,52,464,421,92,84,67,44,80,85,40,29,57,27,37809,5892,32,80,26,37,14,46,275,60.68,0,1.0,90.73,91.3,0.16,450,90,6154,100,112,41-50
2023-01-02,HOSP-001,radiotherapy,PT-000144,68,67,471,470,94,94,80,49,69,24,15,84,38,17,29148,3716,39,97,30,40,2,30,747,16.85,0,1.3,99.79,100.0,0.13,471,94,3627,108,131,41-50
2023-01-02,HOSP-008,radiotherapy,PT-000145,54,30,493,479,98,95,84,32,70,41,42,94,88,99,18241,1503,68,170,32,16,5,40,451,25.93,0,3.9,97.16,96.94,0.08,478,98,1542,123,238,41-50
2023-01-02,HOSP-002,radiotherapy,PT-000146,22,35,414,310,82,62,77,81,65,73,85,73,32,43,43576,4942,45,112,27,16,14,42,714,21.59,0,5.0,74.88,75.61,0.11,319,67,5197,114,161,41-50
2023-01-02,HOSP-006,radiotherapy,PT-000147,39,59,711,590,142,118,74,16,97,50,59,90,78,60,46101,6986,54,135,29,12,12,32,766,78.61,0,5.4,82.98,83.1,0.15,639,119,7305,105,181,41-50
2023-01-02,HOSP-001,radiotherapy,PT-000148,75,58,705,663,141,132,80,43,24,46,39,60,31,68,38169,5165,45,112,37,13,5,45,566,10.25,0,2.7,94.04,93.62,0.14,615,141,5398,64,170,41-50
2023-01-02,HOSP-003,radiotherapy,PT-000149,46,25,484,471,96,94,37,70,61,29,26,48,85,54,34126,7474,59,147,36,6,10,41,333,60.51,0,1.7,97.31,97.92,0.22,459,91,8159,84,214,41-50
2023-01-02,HOSP-004,radiotherapy,PT-000150,32,32,775,508,155,101,38,91,59,14,30,21,64,12,20130,1121,68,170,36,22,13,32,688,14.54,0,1.4,65.55,65.16,0.06,488,107,1178,88,251,41-50
2023-01-02,HOSP-010,radiotherapy,PT-000151,26,23,709,590,141,118,81,34,19,16,25,32,25,13,39546,2189,48,120,24,35,11,28,586,25.83,0,5.1,83.22,83.69,0.06,643,120,2481,31,170,41-50
2023-01-02,HOSP-002,radiotherapy,PT-000152,24,41,306,293,61,58,33,30,77,15,42,52,41,20,45382,9793,58,145,27,15,7,29,773,37.34,0,3.3,95.75,95.08,0.22,270,61,9233,53,213,41-50
2023-01-02,HOSP-002,radiotherapy,PT-000153,51,54,730,582,146,116,72,72,30,18,23,52,91,75,48008,5972,95,237,37,7,12,32,267,41.17,0,5.6,79.73,79.45,0.12,537,111,6496,73,335,41-50
2023-01-02,HOSP-003,radiotherapy,PT-000154,53,57,610,471,122,94,48,69,67,64,51,15,82,86,49031,2821,90,225,17,12,12,28,310,28.03,0,1.1,77.21,77.05,0.06,443,97,3159,79,341,41-50
2023-01-02,HOSP-007,radiotherapy,PT-000155,35,50,495,347,99,69,66,30,67,99,48,20,42,59,37857,4792,54,135,39,30,15,20,231,79.27,0,5.9,70.1,69.7,0.13,370,73,4753,126,190,41-50
2023-01-02,HOSP-008,radiotherapy,PT-000156,47,30,386,352,77,70,56,11,57,63,14,18,64,20,43945,9236,81,202,29,13,5,21,371,25.34,0,6.3,91.19,90.91,0.21,342,72,9830,71,305,41-50
2023-01-02,HOSP-001,radiotherapy,PT-000157,24,18,715,685,143,137,19,98,67,67,64,13,39,92,49452,9678,79,197,25,36,14,32,344,19.04,0,4.7,95.8,95.8,0.2,620,142,8855,132,288,41-50
2023-01-02,HOSP-006,radiotherapy,PT-000158,35,68,647,480,129,96,12,40,80,21,23,31,100,85,49468,1812,20,50,16,10,13,45,787,59.78,0,1.5,74.19,74.42,0.04,501,105,2160,101,69,41-50
2023-01-02,HOSP-007,radiotherapy,PT-000159,20,59,386,307,77,61,48,15,59,10,22,68,32,83,15069,9119,89,222,21,12,3,32,345,82.16,0,2.9,79.53,79.22,0.61,295,58,10432,37,326,41-50
2023-01-02,HOSP-003,radiotherapy,PT-000160,51,34,424,310,84,62,98,96,36,61,64,60,91,48,24795,4021,61,152,30,36,12,19,533,34.57,0,5.4,73.11,73.81,0.16,317,68,4105,120,208,41-50
2023-01-02,HOSP-008,radiotherapy,PT-000161,26,54,761,656,152,131,98,27,73,27,29,22,39,98,18968,1899,43,107,13,11,11,11,729,71.65,0,6.6,86.2,86.18,0.1,633,143,1753,98,162,41-50
2023-01-02,HOSP-010,radiotherapy,PT-000162,43,62,613,453,122,90,41,28,78,97,78,48,60,76,25760,6081,72,180,38,36,9,46,768,40.21,0,2.0,73.9,73.77,0.24,493,93,6970,93,246,41-50
2023-01-02,HOSP-001,radiotherapy,PT-000163,29,70,320,288,64,57,64,29,53,64,14,10,80,96,20290,6506,87,217,19,10,2,29,491,37.14,0,4.6,90.0,89.06,0.32,267,55,6198,96,284,41-50
2023-01-02,HOSP-009,radiotherapy,PT-000164,74,38,497,323,99,64,50,81,63,74,97,71,35,75,11959,6254,98,245,15,17,5,37,592,78.73,0,1.6,64.99,64.65,0.52,300,65,5962,149,355,41-50
2023-01-02,HOSP-001,radiotherapy,PT-000165,79,31,400,300,80,60,56,80,81,52,74,51,32,43,31685,8179,65,162,22,27,6,25,735,12.22,0,6.0,75.0,75.0,0.26,272,57,8677,113,213,41-50
2023-01-02,HOSP-001,radiotherapy,PT-000166,77,28,399,367,79,73,23,74,28,63,57,37,52,90,37912,5826,77,192,23,21,7,24,798,37.98,0,2.1,91.98,92.41,0.15,351,70,6619,117,259,41-50
2023-01-02,HOSP-003,radiotherapy,PT-000167,22,25,424,410,84,82,23,86,15,65,98,17,59,74,10842,5614,64,160,35,8,15,14,212,17.17,0,5.7,96.7,97.62,0.52,424,78,6594,124,216,41-50
2023-01-02,HOSP-005,radiotherapy,PT-000168,22,49,658,395,131,79,52,62,38,86,78,30,87,77,49080,5626,72,180,24,6,3,14,300,81.55,0,3.2,60.03,60.31,0.11,424,77,6640,98,245,41-50
2023-01-02,HOSP-010,radiotherapy,PT-000169,73,30,558,383,111,76,81,12,56,25,75,83,33,40,11426,4633,94,235,21,10,10,44,362,23.94,0,2.5,68.64,68.47,0.41,414,78,4398,41,311,41-50
2023-01-02,HOSP-002,radiotherapy,PT-000170,22,44,365,237,73,47,41,49,61,21,78,45,47,32,11470,5874,100,250,22,22,10,22,604,55.92,0,3.0,64.93,64.38,0.51,251,50,6994,60,373,41-50
2023-01-02,HOSP-009,radiotherapy,PT-000171,33,71,530,430,106,86,92,91,99,61,46,62,84,54,22692,6176,67,167,26,14,7,24,773,65.01,0,1.0,81.13,81.13,0.27,400,85,7042,90,227,41-50
2023-01-02,HOSP-002,radiotherapy,PT-000172,69,16,728,502,145,100,17,14,58,42,28,73,57,34,22423,2462,58,145,13,6,2,25,203,70.51,0,2.7,68.96,68.97,0.11,482,98,2573,89,210,41-50
2023-01-02,HOSP-004,radiotherapy,PT-000173,31,16,636,446,127,89,79,74,70,68,82,11,65,60,33071,8520,44,110,22,5,13,13,444,10.77,0,3.5,70.13,70.08,0.26,458,87,8735,78,143,41-50
2023-01-02,HOSP-006,radiotherapy,PT-000174,66,16,626,414,125,82,86,84,100,75,57,24,64,78,37381,8842,43,107,23,25,10,20,384,17.14,0,3.4,66.13,65.6,0.24,421,86,8562,106,155,41-50
2023-01-02,HOSP-005,radiotherapy,PT-000175,71,56,356,305,71,61,92,64,99,85,76,39,52,39,47264,5870,96,240,37,39,8,44,623,14.73,0,3.1,85.67,85.92,0.12,318,63,6915,90,343,41-50
2023-01-02,HOSP-006,radiotherapy,PT-000176,67,34,783,673,156,134,12,45,35,36,22,65,19,81,12953,6819,36,90,11,22,2,39,217,80.78,0,2.8,85.95,85.9,0.53,722,145,6416,70,121,41-50
2023-01-02,HOSP-010,radiotherapy,PT-000177,20,32,413,247,82,49,16,46,12,15,89,82,49,19,46090,2634,63,157,34,23,6,11,531,21.62,0,4.6,59.81,59.76,0.06,247,52,2533,40,216,41-50
2023-01-02,HOSP-006,radiotherapy,PT-000178,43,63,691,444,138,88,64,22,24,28,57,11,24,10,42596,7481,73,182,28,17,4,16,218,60.01,0,6.3,64.25,63.77,0.18,438,89,7973,50,276,41-50
2023-01-02,HOSP-009,radiotherapy,PT-000179,72,41,515,399,103,79,72,60,34,85,96,90,45,99,24203,4403,97,242,19,14,14,31,240,48.05,0,5.3,77.48,76.7,0.18,371,79,5130,168,351,41-50
2023-01-02,HOSP-007,radiotherapy,PT-000180,46,55,639,402,127,80,86,48,43,60,98,59,93,93,22456,5206,29,72,22,9,14,22,210,55.5,0,6.3,62.91,62.99,0.23,367,87,6163,91,92,41-50
2023-01-02,HOSP-009,radiotherapy,PT-000181,66,73,594,473,118,94,52,22,12,69,88,56,17,73,35944,6973,93,232,21,16,10,47,462,76.74,0,0.8,79.63,79.66,0.19,467,95,7632,56,327,41-50
2023-01-02,HOSP-009,radiotherapy,PT-000182,68,26,599,546,119,109,89,95,51,31,43,85,83,54,8391,4211,76,190,17,33,14,49,533,59.28,0,5.7,91.15,91.6,0.5,523,106,4773,141,267,41-50
2023-01-02,HOSP-002,radiotherapy,PT-000183,76,49,518,482,103,96,56,36,71,55,16,59,50,49,29337,5843,67,167,20,18,8,45,404,45.83,0,1.0,93.05,93.2,0.2,512,98,5519,90,220,41-50
2023-01-02,HOSP-005,radiotherapy,PT-000184,54,39,399,258,79,51,21,30,15,14,94,85,83,33,34842,1717,28,70,27,35,9,23,449,68.11,0,0.8,64.66,64.56,0.05,248,52,1561,53,102,41-50
2023-01-02,HOSP-001,radiotherapy,PT-000185,20,15,654,616,130,123,70,63,47,21,43,14,74,56,10831,5421,76,190,21,33,14,26,242,34.14,0,4.4,94.19,94.62,0.5,624,120,5391,54,249,41-50
2023-01-02,HOSP-004,radiotherapy,PT-000186,57,52,517,492,103,98,100,71,47,46,44,39,99,34,29636,8018,82,205,18,28,5,35,607,50.83,0,3.3,95.16,95.15,0.27,516,103,7924,134,265,41-50
2023-01-02,HOSP-007,radiotherapy,PT-000187,63,29,625,409,125,81,72,54,11,95,48,87,82,13,13701,6843,20,50,19,30,9,41,760,27.1,0,1.7,65.44,64.8,0.5,427,88,7192,52,74,41-50
2023-01-02,HOSP-010,radiotherapy,PT-000188,32,17,631,463,126,92,39,84,42,69,29,95,100,59,41818,1508,80,200,13,7,14,32,273,65.49,0,5.0,73.38,73.02,0.04,437,92,1634,55,280,41-50
2023-01-02,HOSP-009,radiotherapy,PT-000189,70,21,409,310,81,62,42,67,52,28,63,77,76,85,17381,3870,59,147,29,29,10,32,620,43.63,0,1.0,75.79,76.54,0.22,336,61,4507,131,225,41-50
2023-01-02,HOSP-001,radiotherapy,PT-000190,41,19,742,544,148,108,20,84,32,79,14,79,86,29,12645,6854,42,105,29,40,11,48,345,78.34,0,4.8,73.32,72.97,0.54,543,113,8150,123,154,41-50
2023-01-02,HOSP-001,radiotherapy,PT-000191,52,49,504,344,100,68,15,90,51,74,56,52,48,29,33855,8067,77,192,11,15,9,23,392,48.88,0,4.5,68.25,68.0,0.24,311,72,7272,76,255,41-50
2023-01-02,HOSP-010,radiotherapy,PT-000192,40,15,671,514,134,102,14,42,48,35,78,26,76,97,47428,7551,36,90,20,35,5,49,444,81.81,0,3.7,76.6,76.12,0.16,490,101,8191,106,123,41-50
2023-01-02,HOSP-002,radiotherapy,PT-000193,64,51,431,331,86,66,62,28,96,92,87,75,72,53,43977,7077,39,97,31,28,12,10,788,85.45,0,0.7,76.8,76.74,0.16,313,72,7873,159,137,41-50
2023-01-02,HOSP-004,radiotherapy,PT-000194,79,18,755,726,151,145,18,54,98,32,96,49,14,36,46745,7202,68,170,27,32,15,13,480,80.83,0,2.9,96.16,96.03,0.15,755,151,7422,85,223,41-50
2023-01-02,HOSP-001,radiotherapy,PT-000195,47,59,759,591,151,118,53,20,12,97,89,38,36,94,35393,8732,34,85,21,10,13,38,398,24.0,0,3.8,77.87,78.15,0.25,592,112,8823,77,125,41-50
2023-01-02,HOSP-003,radiotherapy,PT-000196,29,38,413,329,82,65,40,67,40,59,65,89,85,25,26071,9887,57,142,25,28,15,14,584,11.99,0,2.8,79.66,79.27,0.38,336,65,11572,102,189,41-50
2023-01-02,HOSP-010,radiotherapy,PT-000197,72,37,647,549,129,109,69,51,99,15,18,74,67,65,11165,5771,78,195,21,15,11,42,407,66.29,0,3.7,84.85,84.5,0.52,512,105,6394,95,264,41-50
2023-01-02,HOSP-009,radiotherapy,PT-000198,36,37,750,574,150,114,53,38,82,17,76,36,13,66,20237,7239,47,117,15,5,11,18,332,57.86,0,1.8,76.53,76.0,0.36,536,114,7641,77,160,41-50
2023-01-02,HOSP-008,radiotherapy,PT-000199,66,60,323,220,64,44,76,29,49,52,17,40,70,34,18788,7728,88,220,21,30,5,20,290,24.19,0,2.8,68.11,68.75,0.41,228,46,8194,61,309,41-50
2023-01-03,HOSP-004,radiotherapy,PT-000200,62,53,681,475,136,95,25,72,63,83,11,66,45,19,48295,9887,89,222,25,39,14,18,786,60.94,0,5.4,69.75,69.85,0.2,515,99,10177,99,306,41-50
2023-01-03,HOSP-003,radiotherapy,PT-000201,45,40,438,301,87,60,18,41,88,24,64,36,71,13,44666,8312,25,62,19,29,6,16,755,88.37,0,5.2,68.72,68.97,0.19,321,61,8320,76,85,41-50
2023-01-03,HOSP-002,radiotherapy,PT-000202,51,56,486,403,97,80,30,40,74,85,20,77,33,50,30332,4424,31,77,23,27,15,22,694,52.46,0,5.5,82.92,82.47,0.15,411,79,4465,76,111,41-50
2023-01-03,HOSP-006,radiotherapy,PT-000203,40,44,370,251,74,50,35,28,33,88,78,91,72,56,45492,5992,63,157,40,21,12,18,511,35.38,0,6.6,67.84,67.57,0.13,233,54,5832,84,232,41-50
2023-01-03,HOSP-008,radiotherapy,PT-000204,41,29,650,579,130,115,79,49,48,38,50,53,28,58,46014,2179,54,135,19,10,5,12,623,21.55,0,4.2,89.08,88.46,0.05,625,121,2125,47,191,41-50
2023-01-03,HOSP-003,radiotherapy,PT-000205,28,31,406,295,81,59,68,87,23,35,91,48,24,57,20877,6370,71,177,37,16,5,14,513,85.66,0,4.7,72.66,72.84,0.31,291,64,7280,84,241,41-50
2023-01-03,HOSP-003,radiotherapy,PT-000206,61,70,681,598,136,119,11,26,63,92,76,59,10,75,8009,3480,58,145,15,31,7,14,746,66.84,0,6.5,87.81,87.5,0.43,598,123,3494,120,199,41-50
2023-01-03,HOSP-008,radiotherapy,PT-000207,72,49,692,491,138,98,67,29,30,19,10,69,95,94,17097,1295,97,242,21,30,10,19,370,59.8,0,3.0,70.95,71.01,0.08,475,106,1449,91,325,41-50
2023-01-03,HOSP-007,radiotherapy,PT-000208,42,27,768,462,153,92,89,84,69,30,18,73,87,74,25385,2447,95,237,24,13,13,45,483,69.0,0,1.3,60.16,60.13,0.1,423,91,2274,95,329,41-50
2023-01-03,HOSP-001,radiotherapy,PT-000209,32,16,627,528,125,105,82,54,82,69,82,35,90,42,8829,6790,45,112,30,11,2,32,573,51.04,0,4.6,84.21,84.0,0.77,579,113,7713,157,165,41-50
2023-01-03,HOSP-006,radiotherapy,PT-000210,51,30,708,616,141,123,82,10,87,76,15,46,90,13,30172,4706,84,210,17,13,14,36,446,60.79,0,2.3,87.01,87.23,0.16,674,125,4870,92,287,41-50
2023-01-03,HOSP-007,radiotherapy,PT-000211,68,33,365,303,73,60,92,32,63,36,84,64,94,39,31571,3307,87,217,19,37,2,14,726,21.43,0,3.2,83.01,82.19,0.1,321,57,3141,144,323,41-50
2023-01-03,HOSP-004,radiotherapy,PT-000212,65,51,648,472,129,94,72,30,54,17,95,42,35,23,49843,5472,34,85,33,18,14,15,670,54.93,0,4.3,72.84,72.87,0.11,485,96,6025,96,123,41-50
2023-01-03,HOSP-005,radiotherapy,PT-000213,56,72,477,427,95,85,97,51,72,84,22,30,47,96,37950,1669,58,145,19,13,4,34,378,75.38,0,4.4,89.52,89.47,0.04,452,92,1588,116,198,41-50
2023-01-03,HOSP-007,radiotherapy,PT-000214,40,38,653,571,130,114,86,23,98,58,48,90,10,89,11786,5754,22,55,24,9,5,37,445,24.82,0,2.8,87.44,87.69,0.49,623,124,6873,118,79,41-50
2023-01-03,HOSP-008,radiotherapy,PT-000215,56,62,629,536,125,107,89,38,95,80,10,14,83,80,31284,9595,66,165,30,21,2,27,446,41.8,0,2.0,85.21,85.6,0.31,544,108,8880,146,221,41-50
2023-01-03,HOSP-009,radiotherapy,PT-000216,61,26,696,542,139,108,47,16,78,37,65,12,81,92,43995,1463,55,137,19,35,14,21,505,80.85,0,1.1,77.87,77.7,0.03,545,107,1442,75,176,41-50
2023-01-03,HOSP-010,radiotherapy,PT-000217,26,61,753,604,150,120,20,49,42,27,48,52,80,71,40592,8301,43,107,36,38,13,16,228,88.3,0,4.7,80.21,80.0,0.2,570,121,8745,82,149,41-50
2023-01-03,HOSP-001,radiotherapy,PT-000218,32,36,557,429,111,85,48,90,63,72,70,71,41,81,36944,2847,44,110,29,15,3,11,733,70.54,0,3.7,77.02,76.58,0.08,434,87,2998,154,142,41-50
2023-01-03,HOSP-010,radiotherapy,PT-000219,29,28,647,406,129,81,46,97,31,100,94,29,66,40,32253,7977,56,140,35,33,3,29,339,11.99,0,6.0,62.75,62.79,0.25,444,88,9202,119,201,41-50
2023-01-03,HOSP-002,radiotherapy,PT-000220,65,28,551,370,110,74,56,68,23,26,66,100,72,80,46728,2861,91,227,34,5,14,38,366,26.53,0,2.3,67.15,67.27,0.06,404,74,2592,116,312,41-50
2023-01-03,HOSP-006,radiotherapy,PT-000221,42,26,624,542,124,108,38,82,49,89,45,43,21,38,25636,1050,68,170,34,22,13,40,782,86.75,0,5.3,86.86,87.1,0.04,516,107,1144,83,225,41-50
2023-01-03,HOSP-001,radiotherapy,PT-000222,29,22,592,545,118,109,95,21,34,91,28,55,70,31,40014,6826,44,110,17,22,4,12,599,32.84,0,6.6,92.06,92.37,0.17,563,106,7563,92,148,41-50
2023-01-03,HOSP-004,radiotherapy,PT-000223,22,73,444,417,88,83,20,90,80,39,14,100,94,12,36560,8128,97,242,29,33,13,33,336,49.69,0,3.2,93.92,94.32,0.22,420,86,7813,102,340,41-50
2023-01-03,HOSP-004,radiotherapy,PT-000224,27,28,619,396,123,79,28,68,94,22,87,76,51,94,28407,4736,93,232,11,29,9,13,667,74.02,0,2.0,63.97,64.23,0.17,435,81,5410,89,312,41-50
2023-01-03,HOSP-002,radiotherapy,PT-000225,22,45,697,548,139,109,68,69,92,73,37,73,84,57,48345,8760,71,177,36,26,6,18,233,40.54,0,3.4,78.62,78.42,0.18,555,110,9730,121,234,41-50
2023-01-03,HOSP-002,radiotherapy,PT-000226,33,40,438,380,87,76,58,84,36,76,59,93,72,65,41986,9937,35,87,21,34,13,33,444,44.95,0,2.3,86.76,87.36,0.24,415,76,9102,123,116,41-50
2023-01-03,HOSP-004,radiotherapy,PT-000227,55,65,563,557,112,111,61,75,11,83,98,63,61,23,9904,8968,97,242,13,31,6,16,680,42.4,0,2.9,98.93,99.11,0.91,563,112,8874,133,346,41-50
2023-01-03,HOSP-010,radiotherapy,PT-000228,71,24,750,598,150,119,95,75,49,44,35,91,14,76,6257,4103,96,240,16,21,6,19,750,46.56,0,3.7,79.73,79.33,0.66,633,126,4635,50,329,41-50
2023-01-03,HOSP-006,radiotherapy,PT-000229,55,29,614,542,122,108,39,92,62,91,99,62,47,85,7846,3800,24,60,29,16,13,38,254,10.87,0,2.5,88.27,88.52,0.48,571,116,4261,83,78,41-50
2023-01-03,HOSP-001,radiotherapy,PT-000230,54,31,535,534,107,106,75,91,99,68,41,38,38,53,30705,3023,99,247,29,10,3,39,247,23.87,0,1.3,99.81,99.07,0.1,535,104,3543,65,351,41-50
2023-01-03,HOSP-007,radiotherapy,PT-000231,31,47,732,493,146,98,62,23,27,59,91,89,85,41,43777,1755,32,80,37,38,9,44,740,78.5,0,6.2,67.35,67.12,0.04,526,94,1594,112,103,41-50
2023-01-03,HOSP-010,radiotherapy,PT-000232,78,54,788,698,157,139,42,48,98,68,48,88,63,16,41442,9214,72,180,19,10,4,34,729,39.04,0,5.8,88.58,88.54,0.22,727,134,10936,112,256,41-50
2023-01-03,HOSP-003,radiotherapy,PT-000233,39,53,667,478,133,95,56,38,34,71,64,84,57,58,34775,7049,54,135,16,39,2,35,582,61.37,0,0.9,71.66,71.43,0.2,463,95,7692,115,189,41-50
2023-01-03,HOSP-008,radiotherapy,PT-000234,45,45,608,539,121,107,47,38,77,17,26,49,12,92,47872,8116,61,152,16,8,10,45,615,80.07,0,1.8,88.65,88.43,0.17,537,115,7530,85,200,41-50
2023-01-03,HOSP-003,radiotherapy,PT-000235,55,28,631,630,126,126,70,56,33,97,15,70,43,21,15302,7125,100,250,26,10,7,33,251,87.81,0,2.4,99.84,100.0,0.47,631,122,6891,61,368,41-50
2023-01-03,HOSP-008,radiotherapy,PT-000236,46,26,617,380,123,76,14,13,67,83,24,85,81,88,42601,7035,63,157,32,21,3,39,764,66.86,0,2.3,61.59,61.79,0.17,355,81,7153,100,201,41-50
2023-01-03,HOSP-002,radiotherapy,PT-000237,43,44,566,565,113,113,54,17,22,58,34,100,85,11,17375,8122,73,182,30,39,15,30,545,65.44,0,5.0,99.82,100.0,0.47,566,113,8180,46,266,41-50
2023-01-03,HOSP-005,radiotherapy,PT-000238,36,37,463,389,92,77,31,84,62,78,44,21,53,39,40172,1232,28,70,23,19,11,34,670,30.29,0,5.7,84.02,83.7,0.03,356,78,1250,83,97,41-50
2023-01-03,HOSP-009,radiotherapy,PT-000239,24,57,647,456,129,91,63,20,55,71,89,60,73,64,27054,7818,57,142,29,16,3,16,756,11.98,0,2.5,70.48,70.54,0.29,446,94,9121,76,199,41-50
2023-01-03,HOSP-004,radiotherapy,PT-000240,38,56,366,270,73,54,42,68,89,16,95,28,64,67,14032,7126,22,55,10,36,11,31,750,31.98,0,2.0,73.77,73.97,0.51,251,56,7445,128,73,41-50
2023-01-03,HOSP-006,radiotherapy,PT-000241,56,26,736,588,147,117,33,68,52,92,43,100,87,57,29275,1052,21,52,17,16,2,39,351,86.05,0,1.7,79.89,79.59,0.04,567,118,1131,151,71,41-50
2023-01-03,HOSP-001,radiotherapy,PT-000242,48,46,414,363,82,72,69,44,54,45,75,95,76,95,24526,4492,54,135,28,14,13,50,493,23.05,0,3.4,87.68,87.8,0.18,379,74,4208,143,195,41-50
2023-01-03,HOSP-010,radiotherapy,PT-000243,23,31,496,325,99,65,19,42,45,64,99,29,60,37,14748,1496,67,167,32,8,8,10,552,83.0,0,6.0,65.52,65.66,0.1,302,69,1701,106,244,41-50
2023-01-03,HOSP-009,radiotherapy,PT-000244,43,72,384,271,76,54,21,67,53,22,49,40,27,29,49904,7688,77,192,31,36,2,31,364,82.01,0,1.1,70.57,71.05,0.15,255,55,8507,32,253,41-50
2023-01-03,HOSP-005,radiotherapy,PT-000245,48,59,403,267,80,53,70,75,57,96,48,36,14,61,45967,8603,98,245,10,15,3,46,568,37.43,0,5.6,66.25,66.25,0.19,278,55,8890,111,339,41-50
2023-01-03,HOSP-005,radiotherapy,PT-000246,65,66,556,342,111,68,62,19,26,84,41,80,57,89,40760,6545,90,225,23,31,8,10,743,68.81,0,3.8,61.51,61.26,0.16,364,70,6809,110,302,41-50
2023-01-03,HOSP-003,radiotherapy,PT-000247,63,60,745,604,149,120,94,62,55,53,65,43,58,13,21783,4550,95,237,29,7,15,50,655,37.2,0,5.2,81.07,80.54,0.21,584,122,4175,74,351,41-50
2023-01-03,HOSP-004,radiotherapy,PT-000248,35,52,415,288,83,57,48,42,85,65,56,79,89,80,21140,3423,26,65,17,27,15,30,400,83.97,0,6.5,69.4,68.67,0.16,283,60,3650,136,89,41-50
2023-01-03,HOSP-007,radiotherapy,PT-000249,67,21,404,361,80,72,26,26,59,24,47,77,74,88,16143,5275,47,117,21,38,4,31,687,41.17,0,5.5,89.36,90.0,0.33,327,78,4782,97,151,41-50
2023-01-03,HOSP-005,radiotherapy,PT-000250,75,75,457,341,91,68,41,88,58,91,14,51,17,68,16240,6986,76,190,34,14,13,17,784,30.6,0,6.6,74.62,74.73,0.43,374,68,7251,81,276,41-50
2023-01-03,HOSP-002,radiotherapy,PT-000251,49,27,497,466,99,93,22,99,94,81,94,31,58,32,32629,4843,21,52,25,38,11,36,359,80.52,0,5.4,93.76,93.94,0.15,445,99,5481,84,68,41-50
2023-01-03,HOSP-004,radiotherapy,PT-000252,26,55,503,330,100,66,40,41,19,51,47,73,91,84,42383,5102,29,72,11,7,5,31,617,60.42,0,2.2,65.61,66.0,0.12,355,67,5914,69,109,41-50
2023-01-03,HOSP-004,radiotherapy,PT-000253,37,25,721,539,144,107,29,29,83,21,46,14,70,36,48134,8607,24,60,18,35,7,12,578,21.44,0,1.0,74.76,74.31,0.18,578,113,7982,52,81,41-50
2023-01-03,HOSP-009,radiotherapy,PT-000254,65,15,352,261,70,52,92,33,96,80,24,20,79,77,22488,1861,100,250,26,22,11,16,370,74.72,0,2.1,74.15,74.29,0.08,258,55,2154,105,358,41-50
2023-01-03,HOSP-009,radiotherapy,PT-000255,48,32,514,436,102,87,60,42,38,70,22,66,16,84,36848,9293,79,197,34,19,12,35,497,44.09,0,3.6,84.82,85.29,0.25,396,95,8843,59,285,41-50
2023-01-03,HOSP-001,radiotherapy,PT-000256,77,62,409,356,81,71,87,45,41,58,48,97,47,32,15091,6894,66,165,31,16,3,24,345,24.43,0,2.8,87.04,87.65,0.46,384,73,7854,88,245,41-50
2023-01-03,HOSP-007,radiotherapy,PT-000257,45,52,363,253,72,50,18,30,36,61,31,83,51,63,19399,2540,68,170,25,23,7,15,454,87.38,0,1.8,69.7,69.44,0.13,243,47,2503,76,236,41-50
2023-01-03,HOSP-003,radiotherapy,PT-000258,48,50,639,529,127,105,19,33,11,17,20,57,63,33,10573,5319,52,130,35,29,4,46,724,64.99,0,0.7,82.79,82.68,0.5,499,103,6061,35,182,41-50
2023-01-03,HOSP-002,radiotherapy,PT-000259,46,64,426,403,85,80,78,29,30,100,31,38,60,46,37943,2328,49,122,28,5,11,26,273,48.78,0,5.2,94.6,94.12,0.06,366,81,2108,74,177,41-50
2023-01-03,HOSP-004,radiotherapy,PT-000260,63,25,350,290,70,58,76,66,27,29,21,82,29,66,22880,5176,61,152,29,22,8,31,798,28.32,0,5.7,82.86,82.86,0.23,293,61,4877,62,217,41-50
2023-01-03,HOSP-002,radiotherapy,PT-000261,60,69,747,639,149,127,18,23,38,56,25,84,46,44,36088,6662,80,200,12,35,2,17,256,22.62,0,2.5,85.54,85.23,0.18,624,132,6000,62,285,41-50
2023-01-03,HOSP-007,radiotherapy,PT-000262,56,16,567,556,113,111,90,70,95,46,16,16,59,69,35553,7177,66,165,17,10,9,10,309,81.8,0,2.7,98.06,98.23,0.2,553,113,7643,105,237,41-50
2023-01-03,HOSP-004,radiotherapy,PT-000263,27,25,711,446,142,89,34,93,55,99,45,54,38,10,15632,8317,58,145,20,13,14,22,688,60.12,0,3.4,62.73,62.68,0.53,475,89,7882,107,201,41-50
2023-01-03,HOSP-002,radiotherapy,PT-000264,40,58,624,513,124,102,74,43,99,36,43,17,45,28,28129,5034,94,235,35,15,15,16,457,85.66,0,6.4,82.21,82.26,0.18,512,110,4877,75,324,41-50
2023-01-03,HOSP-001,radiotherapy,PT-000265,22,72,767,547,153,109,72,22,32,51,58,47,66,25,46907,8722,36,90,34,13,6,32,273,50.69,0,3.3,71.32,71.24,0.19,522,107,8018,111,121,41-50
2023-01-03,HOSP-002,radiotherapy,PT-000266,57,47,384,287,76,57,29,75,79,54,95,73,25,23,40198,2862,72,180,25,23,15,35,661,72.65,0,5.6,74.74,75.0,0.07,306,61,3108,56,253,41-50
2023-01-03,HOSP-008,radiotherapy,PT-000267,67,39,496,476,99,95,84,47,45,95,69,27,62,57,37072,2185,91,227,13,36,10,50,225,63.04,0,2.6,95.97,95.96,0.06,496,99,2113,107,328,41-50
2023-01-03,HOSP-006,radiotherapy,PT-000268,40,40,634,512,126,102,63,80,86,11,96,11,12,62,21780,5427,68,170,21,16,15,40,432,65.2,0,5.0,80.76,80.95,0.25,522,97,6439,99,230,41-50
2023-01-03,HOSP-004,radiotherapy,PT-000269,45,24,396,269,79,53,17,94,32,98,14,47,21,98,9329,3626,43,107,12,9,15,20,589,40.23,0,4.5,67.93,67.09,0.39,289,50,3876,104,150,41-50
2023-01-03,HOSP-003,radiotherapy,PT-000270,25,55,383,292,76,58,42,35,93,20,45,49,14,26,44045,3632,91,227,16,34,10,46,412,17.06,0,1.1,76.24,76.32,0.08,282,58,3950,48,319,41-50
2023-01-03,HOSP-001,radiotherapy,PT-000271,68,46,685,685,137,137,37,38,88,88,59,59,79,40,9336,3991,100,250,22,35,3,10,304,33.49,0,1.7,100.0,100.0,0.43,642,137,4080,49,380,41-50
2023-01-03,HOSP-001,radiotherapy,PT-000272,51,15,550,511,110,102,11,89,50,67,26,28,57,98,15186,7024,20,50,28,11,11,17,354,36.59,0,5.0,92.91,92.73,0.46,550,98,6779,55,65,41-50
2023-01-03,HOSP-009,radiotherapy,PT-000273,32,42,547,481,109,96,22,51,17,72,99,87,30,28,22967,1217,57,142,15,28,13,10,215,62.22,0,3.2,87.93,88.07,0.05,496,97,1313,118,194,41-50
2023-01-03,HOSP-005,radiotherapy,PT-000274,55,67,365,292,73,58,60,71,46,13,49,16,78,40,20231,4544,69,172,40,40,4,31,384,10.13,0,6.0,80.0,79.45,0.22,309,63,5094,98,227,41-50
2023-01-03,HOSP-008,radiotherapy,PT-000275,41,47,754,482,150,96,92,72,47,92,37,30,37,29,26435,5649,60,150,24,39,7,39,692,61.12,0,5.8,63.93,64.0,0.21,467,101,6617,95,200,41-50
2023-01-03,HOSP-010,radiotherapy,PT-000276,25,44,359,247,71,49,23,61,96,60,58,29,25,52,34434,4270,59,147,22,9,10,10,504,52.5,0,3.4,68.8,69.01,0.12,240,53,4889,93,204,41-50
2023-01-03,HOSP-003,radiotherapy,PT-000277,54,27,336,270,67,54,78,74,33,24,90,90,88,35,34939,4949,20,50,14,10,15,50,558,84.25,0,5.5,80.36,80.6,0.14,259,54,5861,136,72,41-50
2023-01-03,HOSP-009,radiotherapy,PT-000278,53,65,549,502,109,100,69,31,86,95,67,36,87,16,13076,4246,34,85,36,27,12,13,722,55.09,0,2.8,91.44,91.74,0.32,454,95,4449,57,112,41-50
2023-01-03,HOSP-004,radiotherapy,PT-000279,71,72,787,720,157,144,100,52,24,34,89,70,21,93,43309,7981,59,147,29,40,10,43,709,23.73,0,3.7,91.49,91.72,0.18,664,152,9250,58,202,41-50
2023-01-03,HOSP-003,radiotherapy,PT-000280,46,37,721,451,144,90,60,25,22,59,46,82,81,40,22629,5553,43,107,37,34,7,17,492,55.93,0,5.1,62.55,62.5,0.25,476,90,5864,112,146,41-50
2023-01-03,HOSP-005,radiotherapy,PT-000281,78,52,714,691,142,138,83,57,44,16,39,78,18,67,7859,6524,28,70,25,38,11,28,610,71.4,0,6.4,96.78,97.18,0.83,714,137,6208,73,95,41-50
2023-01-03,HOSP-005,radiotherapy,PT-000282,40,50,778,639,155,127,88,57,35,82,28,48,22,11,20619,6055,39,97,40,36,11,33,223,28.74,0,0.8,82.13,81.94,0.29,693,128,6412,83,132,41-50
2023-01-03,HOSP-007,radiotherapy,PT-000283,42,72,771,713,154,142,41,18,86,81,52,57,78,24,40666,5677,74,185,19,27,4,10,357,36.77,0,3.0,92.48,92.21,0.14,745,143,5458,62,264,41-50
2023-01-03,HOSP-007,radiotherapy,PT-000284,80,45,611,515,122,103,50,34,35,13,28,39,90,80,12578,9699,93,232,21,15,7,12,594,14.65,0,6.3,84.29,84.43,0.77,475,98,9537,59,330,41-50
2023-01-03,HOSP-008,radiotherapy,PT-000285,71,27,684,613,136,122,46,100,75,32,91,52,60,96,39228,6379,31,77,30,31,10,35,669,66.96,0,5.8,89.62,89.71,0.16,642,117,5819,129,110,41-50
2023-01-03,HOSP-010,radiotherapy,PT-000286,26,58,491,377,98,75,43,90,36,74,24,76,64,44,11076,4605,61,152,34,25,6,47,757,61.47,0,5.7,76.78,76.53,0.42,362,71,5424,100,205,41-50
2023-01-03,HOSP-009,radiotherapy,PT-000287,80,54,330,264,66,52,76,45,50,79,78,27,17,31,39617,7140,20,50,15,38,11,36,357,65.17,0,4.0,80.0,78.79,0.18,279,56,7078,88,66,41-50
2023-01-03,HOSP-008,radiotherapy,PT-000288,24,23,576,508,115,101,99,94,77,28,64,79,22,53,46110,6172,69,172,14,26,11,30,744,16.18,0,6.0,88.19,87.83,0.13,474,107,7378,153,232,41-50
2023-01-03,HOSP-005,radiotherapy,PT-000289,32,39,589,430,117,86,75,52,19,62,32,24,81,82,35299,7902,90,225,27,5,2,20,509,29.24,0,5.8,73.01,73.5,0.22,468,84,9311,63,286,41-50
2023-01-03,HOSP-009,radiotherapy,PT-000290,69,66,725,555,145,111,81,59,100,82,62,14,50,50,48131,9415,86,215,34,36,7,38,558,47.54,0,2.2,76.55,76.55,0.2,569,110,10196,143,279,41-50
2023-01-03,HOSP-001,radiotherapy,PT-000291,26,54,716,450,143,90,73,80,74,72,31,44,90,16,23535,2404,38,95,25,25,8,11,758,71.07,0,4.2,62.85,62.94,0.1,431,90,2501,95,131,41-50
2023-01-03,HOSP-004,radiotherapy,PT-000292,52,44,387,365,77,73,10,44,48,83,13,19,19,21,12575,7527,98,245,27,7,11,28,323,35.66,0,2.7,94.32,94.81,0.6,383,77,7728,42,335,41-50
2023-01-03,HOSP-005,radiotherapy,PT-000293,33,42,705,612,141,122,79,69,56,71,55,90,31,100,8396,8319,23,57,33,6,10,48,680,70.52,0,1.2,86.81,86.52,0.99,573,126,8334,123,82,41-50
2023-01-03,HOSP-006,radiotherapy,PT-000294,22,44,563,541,112,108,97,40,22,34,65,13,55,57,20519,4541,85,212,12,38,11,13,765,31.81,0,5.3,96.09,96.43,0.22,487,112,4423,93,313,41-50
2023-01-03,HOSP-007,radiotherapy,PT-000295,34,40,466,315,93,63,21,26,61,29,41,80,47,93,16504,8356,100,250,27,16,4,44,758,82.43,0,4.8,67.6,67.74,0.51,297,60,8261,68,325,41-50
2023-01-03,HOSP-009,radiotherapy,PT-000296,30,48,305,229,61,45,55,10,44,58,78,56,51,23,44347,8356,86,215,38,40,15,10,494,43.19,0,3.6,75.08,73.77,0.19,248,46,9118,65,320,41-50
2023-01-03,HOSP-008,radiotherapy,PT-000297,55,30,373,359,74,71,10,76,81,52,78,27,40,82,38207,2571,50,125,11,29,2,23,424,28.23,0,3.1,96.25,95.95,0.07,373,72,2943,121,177,41-50
2023-01-03,HOSP-004,radiotherapy,PT-000298,38,26,525,468,105,93,44,23,15,51,45,88,49,67,29758,1961,39,97,16,34,15,49,610,27.72,0,2.4,89.14,88.57,0.07,443,99,1794,109,133,41-50
2023-01-03,HOSP-005,radiotherapy,PT-000299,50,62,487,477,97,95,70,28,20,16,82,96,71,76,45337,9554,78,195,21,10,4,35,630,47.4,0,2.1,97.95,97.94,0.21,487,97,9950,82,292,41-50
2023-01-04,HOSP-004,radiotherapy,PT-000300,73,58,498,367,99,73,37,60,20,69,88,15,92,10,43045,9689,76,190,30,18,11,43,664,56.35,0,3.7,73.69,73.74,0.23,381,70,10530,42,275,41-50
2023-01-04,HOSP-009,radiotherapy,PT-000301,20,27,587,521,117,104,69,58,75,60,60,72,90,67,12169,3659,81,202,29,23,13,33,338,83.83,0,1.4,88.76,88.89,0.3,564,100,3879,162,283,41-50
2023-01-04,HOSP-002,radiotherapy,PT-000302,26,18,400,259,80,51,70,99,75,49,17,28,92,49,35616,3894,35,87,20,7,9,42,785,69.37,0,3.4,64.75,63.75,0.11,276,54,4080,122,119,41-50
2023-01-04,HOSP-007,radiotherapy,PT-000303,56,39,510,428,102,85,30,70,85,80,86,22,19,74,46461,3553,88,220,19,25,8,43,500,54.65,0,1.3,83.92,83.33,0.08,447,84,3548,71,288,41-50
2023-01-04,HOSP-004,radiotherapy,PT-000304,30,66,632,440,126,88,92,26,70,52,33,77,81,64,36947,5626,75,187,27,9,8,38,650,80.96,0,1.6,69.62,69.84,0.15,432,94,5113,100,272,41-50
2023-01-04,HOSP-006,radiotherapy,PT-000305,57,23,632,451,126,90,33,86,89,62,40,76,22,31,23304,7799,68,170,23,33,8,48,774,31.52,0,1.8,71.36,71.43,0.33,480,91,9182,68,226,41-50
2023-01-04,HOSP-002,radiotherapy,PT-000306,40,22,721,459,144,91,45,24,23,21,68,55,23,39,30027,9446,57,142,20,32,11,34,551,82.43,0,2.9,63.66,63.19,0.31,484,88,9155,75,190,41-50
2023-01-04,HOSP-006,radiotherapy,PT-000307,75,47,359,267,71,53,60,34,96,13,44,17,14,79,45719,7786,21,52,19,29,7,47,437,60.24,0,3.0,74.37,74.65,0.17,264,51,8732,44,70,41-50
2023-01-04,HOSP-006,radiotherapy,PT-000308,47,56,785,628,157,125,91,60,63,77,79,58,26,83,11651,6324,60,150,19,15,14,16,725,66.49,0,1.8,80.0,79.62,0.54,604,126,6472,84,215,41-50
2023-01-04,HOSP-005,radiotherapy,PT-000309,35,25,560,519,112,103,90,54,47,72,86,86,57,85,49005,5898,70,175,11,35,11,22,320,62.15,0,2.1,92.68,91.96,0.12,527,100,6343,83,254,41-50
2023-01-04,HOSP-005,radiotherapy,PT-000310,77,15,460,458,92,91,14,20,81,80,69,38,59,19,20418,2911,52,130,29,34,2,10,479,78.17,0,4.3,99.57,98.91,0.14,460,92,3188,46,168,41-50
2023-01-04,HOSP-007,radiotherapy,PT-000311,80,65,351,213,70,42,64,28,62,52,63,10,28,67,20393,8626,86,215,18,17,15,13,433,24.87,0,6.2,60.68,60.0,0.42,218,43,7882,54,304,41-50
2023-01-04,HOSP-007,radiotherapy,PT-000312,59,67,743,713,148,142,100,26,20,86,34,68,89,34,32012,2970,57,142,39,21,12,20,636,52.6,0,2.3,95.96,95.95,0.09,667,141,2824,115,205,41-50
2023-01-04,HOSP-006,radiotherapy,PT-000313,78,19,461,433,92,86,94,20,16,89,57,69,97,81,28285,5497,55,137,36,31,5,37,432,81.62,0,3.0,93.93,93.48,0.19,444,92,5494,55,181,41-50
2023-01-04,HOSP-007,radiotherapy,PT-000314,44,57,765,507,153,101,81,54,77,70,73,31,86,88,5043,1636,21,52,11,17,6,29,737,84.86,0,3.6,66.27,66.01,0.32,480,107,1637,114,79,41-50
2023-01-04,HOSP-003,radiotherapy,PT-000315,35,63,609,548,121,109,43,37,40,33,38,87,13,99,47604,9822,48,120,28,7,8,44,217,86.91,0,4.0,89.98,90.08,0.21,588,108,9791,113,167,41-50
2023-01-04,HOSP-002,radiotherapy,PT-000316,69,16,614,378,122,75,66,45,59,74,11,46,37,78,21926,5004,61,152,20,32,10,25,791,10.23,0,2.8,61.56,61.48,0.23,389,80,4947,77,223,41-50
2023-01-04,HOSP-008,radiotherapy,PT-000317,59,52,558,391,111,78,75,64,49,69,89,59,81,78,25354,8513,93,232,17,22,5,29,211,28.07,0,2.0,70.07,70.27,0.34,423,83,9113,77,308,41-50
2023-01-04,HOSP-005,radiotherapy,PT-000318,22,26,531,452,106,90,58,80,33,72,82,18,94,16,18600,3596,34,85,37,20,6,43,640,23.91,0,5.3,85.12,84.91,0.19,435,89,3536,123,112,41-50
2023-01-04,HOSP-004,radiotherapy,PT-000319,51,37,437,422,87,84,72,70,60,52,77,70,96,64,12817,6092,75,187,35,11,13,29,262,84.8,0,6.0,96.57,96.55,0.48,437,87,5736,147,267,41-50
2023-01-04,HOSP-002,radiotherapy,PT-000320,75,24,770,723,154,144,62,17,35,43,42,54,50,53,7737,3443,64,160,40,9,6,33,764,27.62,0,3.2,93.9,93.51,0.45,754,144,3972,91,231,41-50
2023-01-04,HOSP-007,radiotherapy,PT-000321,62,38,431,369,86,73,53,57,13,12,97,91,61,14,42969,3155,77,192,25,33,12,44,306,28.15,0,2.6,85.61,84.88,0.07,370,76,3620,53,261,41-50
2023-01-04,HOSP-006,radiotherapy,PT-000322,28,61,307,299,61,59,59,60,10,35,19,68,41,46,21069,2781,35,87,34,39,6,25,266,35.38,0,1.8,97.39,96.72,0.13,307,61,2598,71,116,41-50
2023-01-04,HOSP-007,radiotherapy,PT-000323,54,55,378,319,75,63,49,11,21,18,81,80,52,32,10047,9936,20,50,11,11,8,48,516,41.86,0,4.2,84.39,84.0,0.99,349,68,10584,83,68,41-50
2023-01-04,HOSP-002,radiotherapy,PT-000324,72,59,492,428,98,85,10,18,71,30,90,34,59,32,49561,8189,91,227,29,28,7,46,541,60.0,0,5.2,86.99,86.73,0.17,436,82,9604,57,316,41-50
2023-01-04,HOSP-009,radiotherapy,PT-000325,22,44,470,376,94,75,33,63,88,97,18,14,81,14,26567,3664,80,200,31,35,10,34,310,15.44,0,1.3,80.0,79.79,0.14,359,79,3488,70,292,41-50
2023-01-04,HOSP-001,radiotherapy,PT-000326,51,48,569,555,113,111,99,93,85,38,16,21,97,26,42626,1885,31,77,22,23,13,20,761,56.09,0,5.0,97.54,98.23,0.04,528,113,1994,85,112,41-50
2023-01-04,HOSP-006,radiotherapy,PT-000327,61,72,340,334,68,66,22,20,46,38,45,53,70,35,19879,5152,75,187,19,23,8,20,252,51.18,0,3.4,98.24,97.06,0.26,321,65,5426,77,249,41-50
2023-01-04,HOSP-004,radiotherapy,PT-000328,52,33,418,278,83,55,22,94,27,46,32,53,54,83,17757,5698,49,122,20,19,5,31,554,72.54,0,3.4,66.51,66.27,0.32,282,57,5130,93,178,41-50
2023-01-04,HOSP-007,radiotherapy,PT-000329,47,61,447,435,89,87,10,55,23,67,33,48,12,32,42301,6333,93,232,25,35,15,17,668,18.8,0,4.0,97.32,97.75,0.15,426,87,6360,38,323,41-50
2023-01-04,HOSP-005,radiotherapy,PT-000330,41,28,621,529,124,105,33,77,29,33,60,47,96,85,7449,5981,83,207,31,5,7,50,693,50.35,0,3.1,85.19,84.68,0.8,544,110,6291,119,307,41-50
2023-01-04,HOSP-008,radiotherapy,PT-000331,41,74,751,736,150,147,58,23,55,61,54,69,43,94,25195,5382,76,190,30,21,12,28,598,63.0,0,2.3,98.0,98.0,0.21,727,143,6060,81,250,41-50
2023-01-04,HOSP-009,radiotherapy,PT-000332,21,61,558,493,111,98,22,25,94,47,66,46,41,54,17279,8077,39,97,37,17,7,20,700,79.61,0,1.0,88.35,88.29,0.47,512,106,8607,82,129,41-50
2023-01-04,HOSP-003,radiotherapy,PT-000333,30,66,606,375,121,75,23,35,39,90,92,94,51,31,23737,3977,72,180,19,21,13,16,352,60.65,0,5.0,61.88,61.98,0.17,374,74,4710,117,234,41-50
2023-01-04,HOSP-001,radiotherapy,PT-000334,51,66,438,437,87,87,48,51,25,81,56,87,97,94,21361,5422,42,105,20,19,14,49,242,68.65,0,0.7,99.77,100.0,0.25,404,87,5811,138,155,41-50
2023-01-04,HOSP-003,radiotherapy,PT-000335,39,35,311,282,62,56,63,77,73,30,57,92,65,35,15701,1230,82,205,37,11,11,23,407,15.56,0,3.7,90.68,90.32,0.08,261,57,1419,133,273,41-50
2023-01-04,HOSP-007,radiotherapy,PT-000336,65,39,574,497,114,99,44,14,55,95,50,19,45,92,12797,6105,69,172,12,24,7,25,503,12.75,0,4.3,86.59,86.84,0.48,468,107,5544,48,254,41-50
2023-01-04,HOSP-007,radiotherapy,PT-000337,77,15,579,574,115,114,23,26,93,100,23,90,59,76,37240,2820,79,197,19,22,13,31,560,21.34,0,3.4,99.14,99.13,0.08,560,115,2925,139,297,41-50
2023-01-04,HOSP-004,radiotherapy,PT-000338,65,21,753,616,150,123,67,16,78,99,16,81,85,24,36005,2720,57,142,13,32,4,38,258,63.13,0,4.7,81.81,82.0,0.08,674,129,3068,68,216,41-50
2023-01-04,HOSP-010,radiotherapy,PT-000339,68,47,600,503,120,100,59,65,30,34,100,46,27,31,43806,6243,35,87,12,21,13,25,764,86.27,0,3.5,83.83,83.33,0.14,488,102,5685,98,128,41-50
2023-01-04,HOSP-007,radiotherapy,PT-000340,25,28,414,396,82,79,21,32,26,26,60,96,73,43,12718,2884,92,230,37,8,15,44,567,63.53,0,5.9,95.65,96.34,0.23,412,76,2674,102,336,41-50
2023-01-04,HOSP-006,radiotherapy,PT-000341,68,40,301,271,60,54,62,90,89,72,94,89,98,13,42404,2298,25,62,36,21,14,42,798,35.93,0,1.2,90.03,90.0,0.05,248,55,2240,86,85,41-50
2023-01-04,HOSP-005,radiotherapy,PT-000342,63,52,783,557,156,111,83,80,66,43,10,95,27,49,12235,4449,26,65,31,6,11,50,656,47.58,0,3.3,71.14,71.15,0.36,564,107,4224,134,82,41-50
2023-01-04,HOSP-002,radiotherapy,PT-000343,46,57,539,414,107,82,52,95,52,38,44,75,67,38,20237,1628,85,212,39,15,5,16,780,60.18,0,4.5,76.81,76.64,0.08,402,84,1855,119,307,41-50
2023-01-04,HOSP-004,radiotherapy,PT-000344,40,51,692,656,138,131,75,19,44,81,20,77,23,11,28185,8580,48,120,24,22,3,31,682,71.41,0,2.3,94.8,94.93,0.3,643,138,9388,51,166,41-50
2023-01-04,HOSP-004,radiotherapy,PT-000345,64,75,596,574,119,114,44,58,20,64,59,58,100,49,12159,4148,63,157,11,15,8,12,575,68.95,0,1.6,96.31,95.8,0.34,568,118,4333,115,208,41-50
2023-01-04,HOSP-002,radiotherapy,PT-000346,29,38,395,304,79,60,52,98,14,26,21,68,61,96,21846,2517,100,250,34,6,12,15,213,12.17,0,2.8,76.96,75.95,0.12,278,58,2673,106,331,41-50
2023-01-04,HOSP-010,radiotherapy,PT-000347,29,43,786,589,157,117,20,98,74,93,88,10,57,59,27466,9006,28,70,38,20,10,47,330,22.28,0,1.5,74.94,74.52,0.33,584,121,9675,80,94,41-50
2023-01-04,HOSP-008,radiotherapy,PT-000348,34,36,578,524,115,104,67,60,30,95,83,21,93,72,44850,2597,53,132,17,21,14,47,292,13.44,0,3.3,90.66,90.43,0.06,530,101,2609,68,182,41-50
2023-01-04,HOSP-002,radiotherapy,PT-000349,61,55,524,366,104,73,20,33,14,33,86,41,47,18,40842,1828,89,222,23,8,10,13,328,57.59,0,4.4,69.85,70.19,0.04,386,74,2191,31,309,41-50
2023-01-04,HOSP-003,radiotherapy,PT-000350,29,61,717,603,143,120,99,52,39,62,27,96,97,100,13111,4333,55,137,30,26,7,35,297,59.05,0,1.5,84.1,83.92,0.33,613,131,5182,154,176,41-50
2023-01-04,HOSP-003,radiotherapy,PT-000351,71,36,708,443,141,88,85,43,57,81,75,43,65,28,22478,4471,100,250,24,40,11,27,565,20.4,0,3.2,62.57,62.41,0.2,477,84,4443,73,366,41-50
2023-01-04,HOSP-007,radiotherapy,PT-000352,38,30,770,691,154,138,44,22,90,53,22,78,12,51,44142,9470,67,167,35,5,2,30,438,88.84,0,6.0,89.74,89.61,0.21,646,149,9658,49,231,41-50
2023-01-04,HOSP-008,radiotherapy,PT-000353,53,64,456,360,91,72,44,84,59,95,26,22,40,26,41410,3650,72,180,26,37,6,20,660,36.34,0,6.2,78.95,79.12,0.09,338,78,3709,92,260,41-50
2023-01-04,HOSP-004,radiotherapy,PT-000354,63,57,334,250,66,50,83,54,12,96,41,61,100,96,34742,8604,26,65,10,37,4,23,717,89.99,0,4.8,74.85,75.76,0.25,245,51,9036,66,87,41-50
2023-01-04,HOSP-009,radiotherapy,PT-000355,44,22,596,385,119,77,34,10,58,30,42,79,15,10,39469,2073,36,90,31,20,3,45,338,78.45,0,2.5,64.6,64.71,0.05,352,78,2088,54,127,41-50
2023-01-04,HOSP-004,radiotherapy,PT-000356,71,17,561,542,112,108,75,41,20,51,56,85,34,85,19951,2271,64,160,19,23,2,28,437,17.6,0,3.1,96.61,96.43,0.11,561,104,2346,84,222,41-50
2023-01-04,HOSP-002,radiotherapy,PT-000357,30,31,522,449,104,89,47,39,18,43,50,16,84,38,44798,9915,91,227,17,5,2,28,432,40.91,0,4.4,86.02,85.58,0.22,439,95,11302,84,332,41-50
2023-01-04,HOSP-003,radiotherapy,PT-000358,47,25,561,353,112,70,61,93,10,95,36,98,43,62,24568,1717,21,52,15,24,8,28,659,21.37,0,2.5,62.92,62.5,0.07,375,70,1730,89,68,41-50
2023-01-04,HOSP-004,radiotherapy,PT-000359,22,35,323,311,64,62,79,88,20,96,52,64,86,14,7553,1289,89,222,15,8,9,25,762,45.95,0,5.7,96.28,96.88,0.17,288,62,1238,80,335,41-50
2023-01-04,HOSP-004,radiotherapy,PT-000360,50,67,610,514,122,102,38,36,85,71,35,83,58,58,33827,8820,40,100,27,34,11,19,605,51.52,0,0.9,84.26,83.61,0.26,524,104,8078,81,147,41-50
2023-01-04,HOSP-006,radiotherapy,PT-000361,27,32,761,656,152,131,96,94,29,54,30,31,79,99,42055,2128,44,110,28,32,2,39,648,58.97,0,1.1,86.2,86.18,0.05,600,134,1986,117,164,41-50
2023-01-04,HOSP-010,radiotherapy,PT-000362,20,67,407,244,81,48,66,42,55,38,31,62,29,32,20808,4539,37,92,26,14,8,12,416,65.91,0,6.5,59.95,59.26,0.22,220,46,4757,41,133,41-50
2023-01-04,HOSP-005,radiotherapy,PT-000363,47,38,482,361,96,72,23,48,23,31,57,45,78,73,9449,3474,63,157,10,29,9,30,462,77.9,0,2.6,74.9,75.0,0.37,342,77,3888,46,240,41-50
2023-01-04,HOSP-002,radiotherapy,PT-000364,41,75,309,216,61,43,67,26,84,14,26,67,94,44,48258,3226,90,225,27,14,9,35,551,26.62,0,3.4,69.9,70.49,0.07,230,47,3567,114,322,41-50
2023-01-04,HOSP-008,radiotherapy,PT-000365,70,63,760,662,152,132,77,43,54,92,36,11,66,82,33307,9108,96,240,18,24,11,33,437,80.67,0,1.0,87.11,86.84,0.27,682,130,9951,87,356,41-50
2023-01-04,HOSP-005,radiotherapy,PT-000366,46,30,334,224,66,44,41,83,98,44,53,33,13,97,24807,5218,58,145,13,30,14,20,429,17.66,0,3.7,67.07,66.67,0.21,210,44,5431,121,193,41-50
2023-01-04,HOSP-006,radiotherapy,PT-000367,48,15,489,356,97,71,59,25,98,19,92,95,83,94,12892,1059,82,205,17,30,9,36,218,48.31,0,3.7,72.8,73.2,0.08,340,71,1010,75,287,41-50
2023-01-04,HOSP-008,radiotherapy,PT-000368,38,66,741,598,148,119,73,98,95,45,72,90,48,100,13018,8221,74,185,13,10,13,22,549,86.82,0,1.5,80.7,80.41,0.63,596,127,9122,86,282,41-50
2023-01-04,HOSP-009,radiotherapy,PT-000369,78,70,441,298,88,59,63,79,90,96,61,28,24,60,37356,9664,61,152,26,15,5,42,716,13.17,0,2.1,67.57,67.05,0.26,326,60,8772,132,204,41-50
2023-01-04,HOSP-007,radiotherapy,PT-000370,49,57,336,276,67,55,41,54,94,22,29,78,52,88,30489,5994,65,162,38,13,13,47,482,21.35,0,2.4,82.14,82.09,0.2,275,53,6526,68,235,41-50
2023-01-04,HOSP-004,radiotherapy,PT-000371,79,47,596,466,119,93,66,31,65,73,43,47,28,79,15350,9656,58,145,29,14,14,43,796,68.32,0,0.9,78.19,78.15,0.63,437,100,9868,119,208,41-50
2023-01-04,HOSP-009,radiotherapy,PT-000372,47,64,681,487,136,97,22,50,67,26,94,98,17,73,23852,9828,86,215,16,6,15,33,297,70.95,0,2.6,71.51,71.32,0.41,506,103,9802,56,320,41-50
2023-01-04,HOSP-008,radiotherapy,PT-000373,28,46,316,213,63,42,67,10,97,71,48,22,91,34,27481,1355,29,72,39,32,2,47,571,50.89,0,1.0,67.41,66.67,0.05,195,43,1340,107,99,41-50
2023-01-04,HOSP-008,radiotherapy,PT-000374,24,30,380,372,76,74,13,83,93,48,47,39,76,23,41479,5020,56,140,26,8,2,49,555,21.3,0,4.2,97.89,97.37,0.12,370,73,5087,42,190,41-50
2023-01-04,HOSP-006,radiotherapy,PT-000375,74,15,760,513,152,102,96,10,29,11,17,17,36,27,34323,6893,56,140,20,19,11,38,284,30.51,0,5.5,67.5,67.11,0.2,482,101,7755,39,204,41-50
2023-01-04,HOSP-005,radiotherapy,PT-000376,20,22,367,220,73,44,50,72,65,21,91,80,94,92,21561,3538,54,135,25,13,9,29,523,85.51,0,3.2,59.95,60.27,0.16,236,45,3597,59,205,41-50
2023-01-04,HOSP-004,radiotherapy,PT-000377,43,48,663,466,132,93,40,30,67,63,55,88,89,28,20318,7745,93,232,34,37,2,44,384,79.45,0,0.8,70.29,70.45,0.38,448,101,7819,118,333,41-50
2023-01-04,HOSP-006,radiotherapy,PT-000378,29,51,477,304,95,60,43,68,15,22,18,25,48,21,29260,2097,57,142,34,26,10,18,723,20.72,0,1.7,63.73,63.16,0.07,282,65,2059,40,209,41-50
2023-01-04,HOSP-006,radiotherapy,PT-000379,60,29,309,233,61,46,65,90,41,45,74,12,83,33,13441,8558,71,177,16,35,3,26,746,48.25,0,5.5,75.4,75.41,0.64,255,43,9457,63,257,41-50
2023-01-04,HOSP-002,radiotherapy,PT-000380,27,36,303,203,60,40,91,98,53,86,46,23,22,65,44823,8079,88,220,25,13,13,36,498,15.08,0,5.6,67.0,66.67,0.18,183,39,8946,141,303,41-50
2023-01-04,HOSP-007,radiotherapy,PT-000381,58,18,514,510,102,102,62,67,67,40,18,62,40,47,13755,1697,78,195,36,28,6,10,483,16.26,0,1.7,99.22,100.0,0.12,494,102,2035,77,272,41-50
2023-01-04,HOSP-007,radiotherapy,PT-000382,24,36,491,420,98,84,34,70,22,68,83,87,85,66,30723,6538,65,162,34,29,14,19,796,33.33,0,1.2,85.54,85.71,0.21,461,88,7150,82,221,41-50
2023-01-04,HOSP-006,radiotherapy,PT-000383,78,49,445,415,89,83,45,62,22,58,74,72,82,30,40901,6892,26,65,10,8,14,11,459,17.66,0,5.4,93.26,93.26,0.17,399,88,6796,74,87,41-50
2023-01-04,HOSP-010,radiotherapy,PT-000384,27,60,770,542,154,108,27,96,32,44,87,79,15,72,11040,1963,65,162,12,37,15,40,467,68.27,0,4.0,70.39,70.13,0.18,568,103,2270,45,230,41-50
2023-01-04,HOSP-006,radiotherapy,PT-000385,73,75,444,382,88,76,43,42,16,67,14,51,85,26,43231,9804,21,52,22,22,8,34,253,54.42,0,4.7,86.04,86.36,0.23,416,75,11641,86,72,41-50
2023-01-04,HOSP-009,radiotherapy,PT-000386,21,75,516,386,103,77,91,41,94,23,17,63,12,36,36775,6028,89,222,13,30,15,14,793,51.55,0,6.1,74.81,74.76,0.16,371,79,6077,46,297,41-50
2023-01-04,HOSP-004,radiotherapy,PT-000387,21,40,657,470,131,94,42,31,84,63,19,68,32,16,9186,2757,50,125,26,8,12,13,512,39.59,0,1.4,71.54,71.76,0.3,507,90,3116,35,165,41-50
2023-01-04,HOSP-006,radiotherapy,PT-000388,78,51,531,393,106,78,99,34,25,56,44,69,30,92,32616,4363,73,182,27,24,14,27,628,43.17,0,5.0,74.01,73.58,0.13,399,78,4533,55,245,41-50
2023-01-04,HOSP-009,radiotherapy,PT-000389,42,53,337,263,67,52,61,69,74,46,51,70,38,96,23816,2837,26,65,17,8,3,44,643,83.75,0,3.8,78.04,77.61,0.12,238,50,3218,104,83,41-50
2023-01-04,HOSP-007,radiotherapy,PT-000390,65,65,533,477,106,95,100,88,37,73,92,42,91,29,47410,2703,26,65,28,40,4,32,238,76.97,0,4.7,89.49,89.62,0.06,510,101,3137,117,84,41-50
2023-01-04,HOSP-002,radiotherapy,PT-000391,66,28,315,297,63,59,86,75,87,21,40,38,41,83,44488,5280,69,172,27,18,6,35,549,60.85,0,1.2,94.29,93.65,0.12,306,61,5151,89,253,41-50
2023-01-04,HOSP-003,radiotherapy,PT-000392,41,45,585,538,117,107,59,21,97,58,47,32,61,95,46703,6182,29,72,11,24,7,17,484,15.02,0,5.7,91.97,91.45,0.13,503,112,6470,138,101,41-50
2023-01-04,HOSP-005,radiotherapy,PT-000393,44,42,304,248,60,49,79,23,36,15,28,31,14,11,6841,1452,68,170,20,16,12,47,775,47.09,0,0.9,81.58,81.67,0.21,241,53,1514,69,247,41-50
2023-01-04,HOSP-003,radiotherapy,PT-000394,28,16,312,251,62,50,45,35,86,17,79,46,21,84,31258,7552,42,105,19,15,11,31,722,51.75,0,0.7,80.45,80.65,0.24,228,54,6983,83,154,41-50
2023-01-04,HOSP-007,radiotherapy,PT-000395,41,43,783,669,156,133,35,32,71,89,55,59,44,97,23549,6564,76,190,13,21,4,32,597,52.5,0,4.9,85.44,85.26,0.28,683,141,6380,89,275,41-50
2023-01-04,HOSP-006,radiotherapy,PT-000396,65,26,566,500,113,100,32,88,62,98,74,68,38,17,39857,8626,24,60,27,19,8,11,473,57.62,0,2.4,88.34,88.5,0.22,530,109,9349,140,87,41-50
2023-01-04,HOSP-009,radiotherapy,PT-000397,63,20,709,514,141,102,51,31,16,90,88,22,58,67,29874,3811,39,97,24,23,14,42,713,83.35,0,4.8,72.5,72.34,0.13,469,100,3623,69,128,41-50
2023-01-04,HOSP-007,radiotherapy,PT-000398,33,46,359,308,71,61,38,51,71,63,95,41,23,16,23162,2032,54,135,16,8,13,12,400,37.28,0,1.0,85.79,85.92,0.09,337,58,2051,76,188,41-50
2023-01-04,HOSP-002,radiotherapy,PT-000399,68,39,717,546,143,109,86,18,23,56,97,80,42,39,24968,6940,34,85,38,25,15,42,355,69.32,0,4.5,76.15,76.22,0.28,547,104,7346,99,119,41-50
2023-01-05,HOSP-001,radiotherapy,PT-000400,59,18,594,549,118,109,66,65,73,92,76,78,83,95,46583,4285,86,215,32,11,10,16,459,33.5,0,4.2,92.42,92.37,0.09,572,113,4961,112,307,41-50
2023-01-05,HOSP-006,radiotherapy,PT-000401,28,50,614,510,122,102,19,92,34,71,64,71,27,42,25745,8603,83,207,37,28,9,22,781,17.06,0,2.8,83.06,83.61,0.33,528,108,9797,58,301,41-50
2023-01-05,HOSP-009,radiotherapy,PT-000402,46,16,609,457,121,91,32,97,82,42,58,40,17,86,24079,5164,51,127,29,17,2,35,607,41.45,0,5.4,75.04,75.21,0.21,492,95,5727,72,179,41-50
2023-01-05,HOSP-008,radiotherapy,PT-000403,67,75,524,413,104,82,62,35,40,46,91,72,29,43,37472,9410,39,97,33,6,14,22,427,83.9,0,6.6,78.82,78.85,0.25,442,78,9219,94,131,41-50
2023-01-05,HOSP-009,radiotherapy,PT-000404,25,53,634,536,126,107,35,98,20,92,84,83,47,75,18608,4101,53,132,15,38,5,10,581,66.41,0,3.2,84.54,84.92,0.22,506,107,3899,152,192,41-50
2023-01-05,HOSP-002,radiotherapy,PT-000405,58,69,358,257,71,51,38,93,56,37,69,93,99,62,34764,2333,25,62,34,35,7,25,700,47.69,0,5.8,71.79,71.83,0.07,269,49,2623,102,82,41-50
2023-01-05,HOSP-001,radiotherapy,PT-000406,76,18,643,548,128,109,99,22,87,83,51,43,11,55,42765,7947,76,190,35,10,3,32,703,25.53,0,2.8,85.23,85.16,0.19,534,105,8350,49,256,41-50
2023-01-05,HOSP-001,radiotherapy,PT-000407,57,75,445,379,89,75,32,33,14,79,77,35,71,37,42778,2978,34,85,40,7,15,39,522,42.54,0,4.8,85.17,84.27,0.07,356,79,2764,69,129,41-50
2023-01-05,HOSP-002,radiotherapy,PT-000408,20,45,710,613,142,122,92,47,41,82,30,12,42,57,30237,8306,27,67,21,8,8,29,379,46.66,0,4.4,86.34,85.92,0.27,650,133,8166,90,91,41-50
2023-01-05,HOSP-005,radiotherapy,PT-000409,42,66,314,190,62,38,16,19,34,72,80,94,77,35,43728,2842,99,247,13,15,5,38,327,37.23,0,3.0,60.51,61.29,0.06,201,41,3073,111,349,41-50
2023-01-05,HOSP-007,radiotherapy,PT-000410,48,26,369,230,73,46,75,50,27,87,34,49,65,53,48995,1636,84,210,33,28,14,20,325,83.42,0,4.3,62.33,63.01,0.03,228,44,1885,55,317,41-50
2023-01-05,HOSP-009,radiotherapy,PT-000411,74,40,381,334,76,66,38,94,26,82,64,49,59,40,47753,2679,85,212,21,16,14,24,548,51.74,0,6.0,87.66,86.84,0.06,336,71,3133,72,288,41-50
2023-01-05,HOSP-008,radiotherapy,PT-000412,61,54,712,548,142,109,32,64,88,87,90,79,50,52,27263,6286,41,102,38,23,2,46,356,89.58,0,4.2,76.97,76.76,0.23,595,105,5915,56,153,41-50
2023-01-05,HOSP-010,radiotherapy,PT-000413,23,73,530,470,106,94,32,79,11,41,41,15,56,58,31730,5742,85,212,21,11,12,17,294,18.69,0,6.2,88.68,88.68,0.18,474,94,6575,36,294,41-50
2023-01-05,HOSP-002,radiotherapy,PT-000414,42,28,716,522,143,104,33,56,86,24,87,82,23,47,19560,6776,29,72,22,37,7,10,268,49.53,0,3.0,72.91,72.73,0.35,492,108,6239,47,110,41-50
2023-01-05,HOSP-001,radiotherapy,PT-000415,46,66,601,566,120,113,78,30,73,50,45,92,25,49,41858,7906,100,250,25,32,3,42,452,44.39,0,3.5,94.18,94.17,0.19,601,115,8323,123,360,41-50
2023-01-05,HOSP-006,radiotherapy,PT-000416,40,25,599,388,119,77,42,88,53,66,73,29,41,100,24794,9060,42,105,33,16,4,29,456,43.35,0,2.7,64.77,64.71,0.37,425,80,10532,133,144,41-50
2023-01-05,HOSP-005,radiotherapy,PT-000417,71,29,759,585,151,117,36,54,77,38,94,33,25,70,49736,3326,38,95,36,29,14,39,341,21.8,0,3.6,77.08,77.48,0.07,642,126,3664,47,134,41-50
2023-01-05,HOSP-004,radiotherapy,PT-000418,24,49,567,391,113,78,10,38,74,96,62,21,13,27,38395,4582,31,77,39,36,14,12,213,29.45,0,1.0,68.96,69.03,0.12,362,85,4727,71,114,41-50
2023-01-05,HOSP-002,radiotherapy,PT-000419,73,52,577,387,115,77,42,57,76,10,23,56,22,81,38997,4059,54,135,29,5,9,38,753,81.61,0,1.7,67.07,66.96,0.1,368,80,3681,62,187,41-50
2023-01-05,HOSP-009,radiotherapy,PT-000420,58,51,393,369,78,73,53,46,85,33,90,93,92,93,16911,6965,38,95,28,22,15,17,343,76.18,0,1.2,93.89,93.59,0.41,364,78,6497,136,124,41-50
2023-01-05,HOSP-009,radiotherapy,PT-000421,44,71,791,628,158,125,42,16,24,29,58,14,24,68,11164,3027,68,170,36,15,10,46,384,75.07,0,6.2,79.39,79.11,0.27,598,136,3441,67,240,41-50
2023-01-05,HOSP-010,radiotherapy,PT-000422,31,72,759,512,151,102,51,47,72,70,13,39,74,25,45182,1308,43,107,31,15,6,44,357,28.79,0,6.4,67.46,67.55,0.03,534,110,1177,83,142,41-50
2023-01-05,HOSP-002,radiotherapy,PT-000423,48,46,409,408,81,81,53,73,49,23,18,43,23,69,18863,1506,47,117,17,18,13,27,311,81.53,0,6.3,99.76,100.0,0.08,409,81,1687,65,154,41-50
2023-01-05,HOSP-001,radiotherapy,PT-000424,80,22,787,522,157,104,91,64,15,77,70,20,77,65,18507,5272,43,107,18,16,15,50,492,61.75,0,1.7,66.33,66.24,0.28,544,106,5005,58,160,41-50
2023-01-05,HOSP-010,radiotherapy,PT-000425,21,55,586,586,117,117,88,55,56,17,89,76,67,97,37370,4165,58,145,32,14,4,33,277,57.15,0,5.8,100.0,100.0,0.11,538,112,4105,123,215,41-50
2023-01-05,HOSP-004,radiotherapy,PT-000426,59,41,578,475,115,95,58,45,28,15,22,88,50,19,44410,8138,72,180,15,25,8,50,603,74.99,0,2.3,82.18,82.61,0.18,514,90,8594,46,249,41-50
2023-01-05,HOSP-010,radiotherapy,PT-000427,22,59,693,661,138,132,18,66,11,42,48,60,16,68,23896,4246,60,150,23,28,8,22,677,76.9,0,3.0,95.38,95.65,0.18,693,127,4168,61,204,41-50
2023-01-05,HOSP-003,radiotherapy,PT-000428,24,50,705,492,141,98,87,23,98,72,43,14,28,56,32752,2220,20,50,16,33,12,22,516,85.54,0,0.8,69.79,69.5,0.07,480,96,2474,54,72,41-50
2023-01-05,HOSP-001,radiotherapy,PT-000429,74,22,706,513,141,102,49,54,18,12,91,48,69,67,37522,7448,94,235,10,27,7,21,426,63.49,0,0.7,72.66,72.34,0.2,464,109,8904,56,315,41-50
2023-01-05,HOSP-006,radiotherapy,PT-000430,25,56,574,544,114,108,85,79,76,77,85,47,41,78,21554,8446,57,142,36,29,11,40,752,53.2,0,3.9,94.77,94.74,0.39,574,111,9210,164,203,41-50
2023-01-05,HOSP-004,radiotherapy,PT-000431,74,48,511,455,102,91,21,78,25,85,74,99,81,87,6396,5643,44,110,29,38,13,21,523,46.02,0,3.6,89.04,89.22,0.88,455,92,5206,126,160,41-50
2023-01-05,HOSP-002,radiotherapy,PT-000432,33,44,620,480,124,96,79,53,85,73,12,88,81,61,28016,7345,22,55,40,5,11,43,633,45.59,0,1.8,77.42,77.42,0.26,435,104,8270,122,79,41-50
2023-01-05,HOSP-010,radiotherapy,PT-000433,64,59,544,524,108,104,53,14,99,40,58,90,41,31,39674,8522,53,132,30,29,4,44,474,70.71,0,2.0,96.32,96.3,0.21,506,100,8382,111,195,41-50
2023-01-05,HOSP-003,radiotherapy,PT-000434,78,32,459,434,91,86,80,64,64,12,51,22,65,48,31546,6769,25,62,10,30,12,31,621,84.59,0,4.2,94.55,94.51,0.21,459,88,6440,80,89,41-50
2023-01-05,HOSP-003,radiotherapy,PT-000435,31,21,599,544,119,108,52,34,73,84,57,51,80,19,15387,3513,88,220,38,14,4,22,394,85.47,0,6.6,90.82,90.76,0.23,499,114,3382,88,293,41-50
2023-01-05,HOSP-006,radiotherapy,PT-000436,77,35,740,454,148,90,91,26,74,45,89,65,62,31,20584,4535,71,177,33,39,9,23,711,23.94,0,3.8,61.35,60.81,0.22,435,94,4443,126,261,41-50
2023-01-05,HOSP-005,radiotherapy,PT-000437,31,54,619,563,123,112,90,67,37,47,76,94,71,62,35579,5745,59,147,38,5,10,27,513,80.62,0,2.1,90.95,91.06,0.16,589,109,6365,136,197,41-50
2023-01-05,HOSP-005,radiotherapy,PT-000438,43,43,398,316,79,63,74,10,91,18,54,96,88,11,13063,3368,99,247,35,31,15,25,619,81.32,0,5.2,79.4,79.75,0.26,303,63,3462,76,354,41-50
2023-01-05,HOSP-001,radiotherapy,PT-000439,80,71,630,391,126,78,50,73,92,98,19,46,73,37,13310,6920,26,65,33,32,14,25,575,57.67,0,4.0,62.06,61.9,0.52,423,81,7647,95,88,41-50
2023-01-05,HOSP-009,radiotherapy,PT-000440,28,72,624,471,124,94,61,87,97,14,74,42,22,83,47990,4267,57,142,13,15,14,27,789,47.19,0,6.0,75.48,75.81,0.09,504,92,4742,63,184,41-50
2023-01-05,HOSP-010,radiotherapy,PT-000441,47,44,603,461,120,92,63,50,17,81,74,23,38,17,15307,3818,22,55,20,24,14,27,410,47.4,0,0.9,76.45,76.67,0.25,499,95,4130,59,81,41-50
2023-01-05,HOSP-009,radiotherapy,PT-000442,34,63,495,475,99,95,56,96,76,85,50,92,87,37,39103,7398,87,217,31,26,12,37,611,42.05,0,6.0,95.96,95.96,0.19,470,99,7512,113,288,41-50
2023-01-05,HOSP-006,radiotherapy,PT-000443,32,48,668,463,133,92,23,49,59,89,46,99,11,27,17624,9809,53,132,19,11,3,29,654,18.44,0,2.7,69.31,69.17,0.56,431,96,11304,48,176,41-50
2023-01-05,HOSP-002,radiotherapy,PT-000444,38,31,631,584,126,116,38,42,74,47,75,87,33,66,6011,2368,36,90,26,22,11,27,480,81.94,0,0.7,92.55,92.06,0.39,629,112,2697,101,121,41-50
2023-01-05,HOSP-004,radiotherapy,PT-000445,41,35,393,241,78,48,90,98,34,33,99,94,47,33,27160,4521,76,190,39,29,8,44,792,62.75,0,2.7,61.32,61.54,0.17,256,51,5040,62,268,41-50
2023-01-05,HOSP-003,radiotherapy,PT-000446,65,57,729,524,145,104,61,85,65,57,14,71,80,68,8255,3937,34,85,10,27,15,40,345,44.32,0,6.4,71.88,71.72,0.48,499,110,4041,115,113,41-50
2023-01-05,HOSP-005,radiotherapy,PT-000447,79,24,620,475,124,95,42,32,41,42,56,72,46,52,33466,6237,49,122,31,36,8,37,409,22.37,0,1.3,76.61,76.61,0.19,432,100,6345,85,170,41-50
2023-01-05,HOSP-004,radiotherapy,PT-000448,34,21,711,677,142,135,31,58,17,91,37,36,78,33,24202,9236,48,120,35,9,11,17,319,30.87,0,4.7,95.22,95.07,0.38,711,142,8489,43,151,41-50
2023-01-05,HOSP-007,radiotherapy,PT-000449,21,62,638,399,127,79,86,76,72,70,16,25,28,52,17312,4302,84,210,11,17,9,45,638,33.77,0,4.0,62.54,62.2,0.25,400,80,4179,112,273,41-50
2023-01-05,HOSP-007,radiotherapy,PT-000450,47,24,425,274,85,54,68,99,16,89,43,34,71,76,46913,5530,95,237,23,27,5,34,604,73.54,0,4.0,64.47,63.53,0.12,247,52,6622,112,346,41-50
2023-01-05,HOSP-010,radiotherapy,PT-000451,41,32,531,381,106,76,18,88,100,76,11,55,58,98,29889,2686,80,200,26,30,8,46,386,37.54,0,2.6,71.75,71.7,0.09,356,77,2823,109,288,41-50
2023-01-05,HOSP-002,radiotherapy,PT-000452,56,39,465,295,93,59,81,32,68,90,51,32,55,66,20508,8754,60,150,33,27,14,28,506,52.61,0,3.1,63.44,63.44,0.43,271,56,9538,62,218,41-50
2023-01-05,HOSP-010,radiotherapy,PT-000453,62,25,774,598,154,119,59,93,52,38,75,89,52,17,5370,3338,28,70,25,20,5,37,783,57.55,0,4.4,77.26,77.27,0.62,649,123,3875,89,101,41-50
2023-01-05,HOSP-007,radiotherapy,PT-000454,42,59,703,440,140,88,69,36,51,92,71,90,27,55,49683,1501,51,127,28,13,7,16,286,54.01,0,0.8,62.59,62.86,0.03,433,91,1647,59,189,41-50
2023-01-05,HOSP-006,radiotherapy,PT-000455,74,67,709,569,141,113,46,86,24,37,78,57,16,59,32362,2946,34,85,20,34,9,31,631,16.09,0,4.2,80.25,80.14,0.09,518,118,3255,116,115,41-50
2023-01-05,HOSP-001,radiotherapy,PT-000456,36,37,496,382,99,76,88,48,47,100,67,63,47,77,45555,1251,47,117,11,39,6,10,778,49.69,0,2.4,77.02,76.77,0.03,352,74,1126,150,165,41-50
2023-01-05,HOSP-006,radiotherapy,PT-000457,64,23,768,461,153,92,75,28,73,14,69,95,98,19,15601,4709,58,145,25,39,2,45,312,60.8,0,6.0,60.03,60.13,0.3,434,101,5059,85,197,41-50
2023-01-05,HOSP-002,radiotherapy,PT-000458,32,18,441,423,88,84,39,100,95,62,85,46,66,36,28093,6587,90,225,14,28,9,21,443,86.71,0,4.9,95.92,95.45,0.23,393,88,7269,131,316,41-50
2023-01-05,HOSP-009,radiotherapy,PT-000459,38,33,689,616,137,123,42,59,15,71,93,50,84,47,49223,8548,28,70,17,30,9,48,435,69.37,0,4.1,89.4,89.78,0.17,561,118,8891,77,102,41-50
2023-01-05,HOSP-001,radiotherapy,PT-000460,42,19,592,386,118,77,24,12,25,16,72,20,27,81,21826,1694,53,132,22,19,5,43,431,22.2,0,5.0,65.2,65.25,0.08,382,76,1957,76,196,41-50
2023-01-05,HOSP-001,radiotherapy,PT-000461,78,51,712,599,142,119,48,75,48,66,100,87,18,27,13996,8544,73,182,38,7,13,16,294,62.63,0,3.9,84.13,83.8,0.61,581,125,9010,48,260,41-50
2023-01-05,HOSP-008,radiotherapy,PT-000462,56,60,363,302,72,60,37,58,18,80,33,16,66,66,11687,9635,37,92,37,13,12,44,693,78.64,0,4.8,83.2,83.33,0.82,328,61,8691,104,121,41-50
2023-01-05,HOSP-005,radiotherapy,PT-000463,77,17,638,611,127,122,70,72,44,15,66,30,19,79,6943,2310,86,215,36,33,12,45,349,19.51,0,4.4,95.77,96.06,0.33,638,123,2606,108,310,41-50
2023-01-05,HOSP-007,radiotherapy,PT-000464,40,51,565,527,113,105,66,88,76,94,50,41,67,17,31272,6088,60,150,39,25,2,13,473,65.26,0,6.6,93.27,92.92,0.19,553,104,6518,71,216,41-50
2023-01-05,HOSP-003,radiotherapy,PT-000465,64,74,643,493,128,98,11,51,90,94,29,81,33,75,20020,1227,66,165,30,20,5,28,439,50.93,0,2.4,76.67,76.56,0.06,467,106,1312,52,241,41-50
2023-01-05,HOSP-007,radiotherapy,PT-000466,75,37,750,524,150,104,50,79,42,72,68,25,61,48,28228,7623,47,117,21,28,4,48,352,63.91,0,2.4,69.87,69.33,0.27,548,106,7932,109,152,41-50
2023-01-05,HOSP-007,radiotherapy,PT-000467,25,26,742,498,148,99,66,49,24,14,35,71,60,95,30418,3144,84,210,37,6,2,43,695,37.28,0,2.7,67.12,66.89,0.1,525,108,3212,103,300,41-50
2023-01-05,HOSP-004,radiotherapy,PT-000468,39,32,335,228,67,45,28,94,18,79,75,72,16,27,31206,8767,36,90,19,6,10,33,603,21.23,0,4.4,68.06,67.16,0.28,248,43,8893,50,130,41-50
2023-01-05,HOSP-004,radiotherapy,PT-000469,67,46,317,303,63,60,22,52,54,73,97,27,100,83,25714,8316,63,157,37,22,12,45,444,81.53,0,6.1,95.58,95.24,0.32,317,58,9224,73,205,41-50
2023-01-05,HOSP-004,radiotherapy,PT-000470,54,59,694,520,138,104,87,34,100,61,36,37,59,70,34145,6921,69,172,20,15,10,28,422,26.68,0,2.2,74.93,75.36,0.2,525,103,7472,52,245,41-50
2023-01-05,HOSP-003,radiotherapy,PT-000471,54,44,685,493,137,98,51,83,34,53,55,19,42,99,23905,7844,67,167,20,40,9,25,740,21.57,0,5.4,71.97,71.53,0.33,508,102,7381,120,215,41-50
2023-01-05,HOSP-010,radiotherapy,PT-000472,44,40,356,296,71,59,70,100,37,83,82,56,59,16,33330,6831,72,180,30,9,13,18,793,47.84,0,1.3,83.15,83.1,0.2,275,64,6528,70,269,41-50
2023-01-05,HOSP-003,radiotherapy,PT-000473,33,38,475,453,95,90,35,68,50,71,16,61,83,44,16357,6317,52,130,11,8,7,24,785,28.21,0,5.1,95.37,94.74,0.39,473,95,7534,46,175,41-50
2023-01-05,HOSP-002,radiotherapy,PT-000474,58,32,479,405,95,81,57,53,20,79,36,38,98,47,10859,3805,32,80,25,24,10,14,416,51.23,0,3.4,84.55,85.26,0.35,384,87,3561,103,113,41-50
2023-01-05,HOSP-002,radiotherapy,PT-000475,21,52,740,602,148,120,19,25,26,95,27,87,61,79,31652,2473,33,82,10,9,2,25,479,16.58,0,3.4,81.35,81.08,0.08,595,118,2755,59,118,41-50
2023-01-05,HOSP-009,radiotherapy,PT-000476,72,71,660,572,132,114,68,17,68,59,48,40,34,23,14438,1798,53,132,36,9,9,19,767,26.46,0,0.7,86.67,86.36,0.12,590,122,1954,37,183,41-50
2023-01-05,HOSP-009,radiotherapy,PT-000477,33,54,774,606,154,121,52,66,94,72,70,90,81,54,6028,1422,49,122,13,14,3,33,413,27.68,0,6.4,78.29,78.57,0.24,550,130,1283,113,172,41-50
2023-01-05,HOSP-004,radiotherapy,PT-000478,71,18,440,430,88,86,84,31,59,49,59,48,52,70,29790,3579,75,187,34,11,12,13,539,48.57,0,2.3,97.73,97.73,0.12,424,88,3948,71,262,41-50
2023-01-05,HOSP-004,radiotherapy,PT-000479,29,50,688,547,137,109,44,68,74,53,67,92,58,45,12384,3061,98,245,31,35,7,24,281,74.1,0,4.5,79.51,79.56,0.25,568,112,3585,132,343,41-50
2023-01-05,HOSP-008,radiotherapy,PT-000480,76,60,723,631,144,126,87,34,65,44,19,76,10,78,26120,4046,95,237,21,5,8,44,482,16.66,0,6.0,87.28,87.5,0.15,638,131,4730,102,346,41-50
2023-01-05,HOSP-005,radiotherapy,PT-000481,40,59,512,326,102,65,46,24,95,17,21,96,60,20,46797,1147,86,215,28,37,13,19,599,48.35,0,2.1,63.67,63.73,0.02,346,67,1292,98,278,41-50
2023-01-05,HOSP-004,radiotherapy,PT-000482,80,74,409,365,81,73,86,73,35,70,46,48,47,74,40726,2985,51,127,13,33,7,49,551,77.76,0,3.7,89.24,90.12,0.07,390,78,3435,143,185,41-50
2023-01-05,HOSP-005,radiotherapy,PT-000483,42,32,495,477,99,95,20,18,77,25,92,11,25,32,27412,8032,65,162,23,29,10,33,237,81.53,0,1.0,96.36,95.96,0.29,495,99,7461,67,233,41-50
2023-01-05,HOSP-002,radiotherapy,PT-000484,25,48,445,438,89,87,84,78,12,76,95,45,21,31,36267,7905,56,140,34,37,10,13,296,26.9,0,6.0,98.43,97.75,0.22,411,89,7616,91,197,41-50
2023-01-05,HOSP-009,radiotherapy,PT-000485,62,24,617,600,123,120,44,32,83,50,44,44,84,80,23097,3886,69,172,19,25,11,24,432,13.71,0,5.0,97.24,97.56,0.17,586,115,3587,98,247,41-50
2023-01-05,HOSP-004,radiotherapy,PT-000486,37,20,515,332,103,66,49,52,20,50,25,35,98,42,37344,1872,42,105,28,6,3,46,441,77.23,0,5.2,64.47,64.08,0.05,314,67,1827,59,153,41-50
2023-01-05,HOSP-010,radiotherapy,PT-000487,52,49,641,446,128,89,26,49,10,73,33,97,59,98,8203,8199,38,95,21,6,6,42,729,62.4,0,4.7,69.58,69.53,1.0,468,90,7527,75,123,41-50
2023-01-05,HOSP-005,radiotherapy,PT-000488,42,42,588,459,117,91,53,32,17,28,10,97,29,42,9781,1251,47,117,20,23,4,43,403,17.87,0,6.3,78.06,77.78,0.13,458,90,1139,37,168,41-50
2023-01-05,HOSP-007,radiotherapy,PT-000489,45,33,750,710,150,142,44,34,80,54,82,27,71,59,20713,9036,93,232,36,21,6,28,593,48.82,0,5.8,94.67,94.67,0.44,750,150,8607,124,309,41-50
2023-01-05,HOSP-001,radiotherapy,PT-000490,37,43,462,383,92,76,75,22,15,76,57,50,49,97,11524,4667,69,172,15,9,14,27,719,31.23,0,5.3,82.9,82.61,0.4,366,82,4626,83,228,41-50
2023-01-05,HOSP-007,radiotherapy,PT-000491,24,15,409,370,81,74,38,93,97,47,36,84,89,66,47933,1744,64,160,34,11,2,13,660,70.27,0,4.0,90.46,91.36,0.04,395,74,1802,76,212,41-50
2023-01-05,HOSP-009,radiotherapy,PT-000492,74,67,328,321,65,64,49,15,15,43,81,68,73,51,25260,9350,67,167,18,25,11,25,421,44.47,0,1.7,97.87,98.46,0.37,299,65,9946,49,225,41-50
2023-01-05,HOSP-007,radiotherapy,PT-000493,48,50,597,401,119,80,82,71,58,12,48,42,14,38,6970,3718,47,117,22,17,4,31,709,23.14,0,1.3,67.17,67.23,0.53,370,83,3957,76,167,41-50
2023-01-05,HOSP-002,radiotherapy,PT-000494,76,45,301,233,60,46,13,100,33,94,54,49,83,49,14369,1551,20,50,31,24,3,12,534,64.85,0,6.0,77.41,76.67,0.11,238,50,1744,69,69,41-50
2023-01-05,HOSP-009,radiotherapy,PT-000495,57,23,498,370,99,74,94,98,24,64,53,61,67,35,40864,9664,31,77,22,23,4,28,759,26.49,0,6.2,74.3,74.75,0.24,346,80,10750,57,108,41-50
2023-01-05,HOSP-001,radiotherapy,PT-000496,67,52,686,586,137,117,39,72,61,42,31,98,88,22,44925,3711,94,235,33,25,14,47,293,13.4,0,5.0,85.42,85.4,0.08,541,116,3759,61,314,41-50
2023-01-05,HOSP-007,radiotherapy,PT-000497,38,35,539,328,107,65,100,27,81,37,73,13,92,69,8531,6849,90,225,31,31,4,21,727,13.88,0,4.2,60.85,60.75,0.8,308,69,7102,91,310,41-50
2023-01-05,HOSP-005,radiotherapy,PT-000498,76,31,693,545,138,109,31,42,96,53,22,73,12,38,6248,5344,72,180,17,13,9,33,366,72.6,0,5.4,78.64,78.99,0.86,508,103,5998,58,267,41-50
2023-01-05,HOSP-006,radiotherapy,PT-000499,38,42,730,714,146,142,68,67,19,49,95,18,98,26,14739,3544,33,82,13,25,12,17,513,45.58,0,2.1,97.81,97.26,0.24,690,146,3630,77,119,41-50
